-- phpMyAdmin SQL Dump
-- version 5.0.2
-- https://www.phpmyadmin.net/
--
-- Host: localhost
-- Generation Time: Aug 27, 2020 at 06:44 PM
-- Server version: 10.4.11-MariaDB
-- PHP Version: 7.4.6

SET SQL_MODE = "NO_AUTO_VALUE_ON_ZERO";
START TRANSACTION;
SET time_zone = "+00:00";


/*!40101 SET @OLD_CHARACTER_SET_CLIENT=@@CHARACTER_SET_CLIENT */;
/*!40101 SET @OLD_CHARACTER_SET_RESULTS=@@CHARACTER_SET_RESULTS */;
/*!40101 SET @OLD_COLLATION_CONNECTION=@@COLLATION_CONNECTION */;
/*!40101 SET NAMES utf8mb4 */;

--
-- Database: `sitanah`
--

-- --------------------------------------------------------

--
-- Table structure for table `foto_tanah`
--

CREATE TABLE `foto_tanah` (
  `id` bigint(20) UNSIGNED NOT NULL,
  `foto` varchar(255) COLLATE utf8mb4_unicode_ci NOT NULL,
  `tanah_id` bigint(20) UNSIGNED NOT NULL,
  `created_at` timestamp NULL DEFAULT NULL,
  `updated_at` timestamp NULL DEFAULT NULL
) ENGINE=InnoDB DEFAULT CHARSET=utf8mb4 COLLATE=utf8mb4_unicode_ci;

--
-- Dumping data for table `foto_tanah`
--

INSERT INTO `foto_tanah` (`id`, `foto`, `tanah_id`, `created_at`, `updated_at`) VALUES
(35, '516862tanah1.jfif', 35, '2020-07-09 21:54:32', '2020-07-09 21:54:32'),
(36, '562227tanah1-2.jfif', 35, '2020-07-09 21:54:33', '2020-07-09 21:54:33'),
(37, '946668tanah 1-3.jfif', 35, '2020-07-09 21:54:33', '2020-07-09 21:54:33'),
(38, '236986tanah1_depan_lido.png', 36, '2020-07-13 13:40:44', '2020-07-13 13:40:44'),
(39, '59418tanah2_depan_lido.png', 36, '2020-07-13 13:40:44', '2020-07-13 13:40:44'),
(48, '742059blang crum.png', 45, '2020-07-26 01:53:18', '2020-07-26 01:53:18'),
(49, '431129elak 1.jpg', 46, '2020-07-29 02:35:30', '2020-07-29 02:35:30'),
(50, '372900elak3.jpg', 46, '2020-07-29 02:40:43', '2020-07-29 02:40:43'),
(51, '623192elaak4.jpg', 46, '2020-07-29 02:40:43', '2020-07-29 02:40:43'),
(52, '502589iain1.jpg', 47, '2020-07-29 03:09:13', '2020-07-29 03:09:13'),
(53, '61410iain2.jpg', 47, '2020-07-29 03:09:13', '2020-07-29 03:09:13'),
(54, '977904iain3.jpg', 47, '2020-07-29 03:09:13', '2020-07-29 03:09:13'),
(55, '607020panngoi1.png', 48, '2020-07-30 03:39:22', '2020-07-30 03:39:22'),
(56, '921044panggoi2.png', 48, '2020-07-30 03:39:22', '2020-07-30 03:39:22'),
(57, '430436panngoi4.png', 48, '2020-07-30 03:39:22', '2020-07-30 03:39:22'),
(58, '678588mongedong1.jpg', 49, '2020-07-30 05:15:41', '2020-07-30 05:15:41'),
(59, '406450mongedong2.jpg', 49, '2020-07-30 05:15:41', '2020-07-30 05:15:41'),
(60, '589117mongedong3.jpg', 49, '2020-07-30 05:15:41', '2020-07-30 05:15:41'),
(61, '87080mongedong4.jpg', 49, '2020-07-30 05:15:41', '2020-07-30 05:15:41'),
(62, '660136aluuraya1.jpg', 50, '2020-07-30 05:58:40', '2020-07-30 05:58:40'),
(63, '533598aluuraya2.jpg', 50, '2020-07-30 05:58:40', '2020-07-30 05:58:40'),
(65, '368024tr1.png', 52, '2020-07-31 00:46:18', '2020-07-31 00:46:18'),
(66, '806832tr2.png', 52, '2020-07-31 00:46:18', '2020-07-31 00:46:18'),
(67, '710188tr3.png', 52, '2020-07-31 00:46:19', '2020-07-31 00:46:19'),
(68, '697324garot2.png', 53, '2020-07-31 01:04:02', '2020-07-31 01:04:02'),
(69, '748062garot1.png', 53, '2020-07-31 01:04:02', '2020-07-31 01:04:02'),
(70, '410068garot3.png', 53, '2020-07-31 01:04:02', '2020-07-31 01:04:02'),
(71, '664598mns bi.png', 54, '2020-07-31 01:28:25', '2020-07-31 01:28:25'),
(72, '268311mnshbi2.png', 54, '2020-07-31 01:28:25', '2020-07-31 01:28:25'),
(73, '496370mnshbi3.png', 54, '2020-07-31 01:28:25', '2020-07-31 01:28:25'),
(74, '663746singapor1.png', 55, '2020-07-31 03:19:53', '2020-07-31 03:19:53'),
(75, '422715singapor4.png', 55, '2020-07-31 03:19:53', '2020-07-31 03:19:53'),
(77, '593666kt.png', 57, '2020-07-31 03:43:47', '2020-07-31 03:43:47'),
(78, '217583kt2.png', 57, '2020-07-31 03:43:47', '2020-07-31 03:43:47'),
(79, '887295kt3.png', 57, '2020-07-31 03:43:47', '2020-07-31 03:43:47'),
(80, '611677kavling1.png', 58, '2020-07-31 04:14:01', '2020-07-31 04:14:01'),
(81, '142958kavling2.png', 58, '2020-07-31 04:14:01', '2020-07-31 04:14:01'),
(82, '335146pasri.png', 59, '2020-07-31 04:38:45', '2020-07-31 04:38:45'),
(83, '426923pasri2.png', 59, '2020-07-31 04:38:46', '2020-07-31 04:38:46'),
(84, '222069kjawa.png', 60, '2020-08-01 01:37:24', '2020-08-01 01:37:24'),
(85, '655571kjawa2.png', 60, '2020-08-01 01:37:24', '2020-08-01 01:37:24'),
(86, '296946kjawa3.png', 60, '2020-08-01 01:37:24', '2020-08-01 01:37:24'),
(87, '982133kjawa4.png', 60, '2020-08-01 01:37:24', '2020-08-01 01:37:24'),
(88, '559353jahiddin1.png', 61, '2020-08-01 02:09:24', '2020-08-01 02:09:24'),
(89, '976258jahiddin2.png', 61, '2020-08-01 02:09:24', '2020-08-01 02:09:24'),
(90, '671242jahiddin3.png', 61, '2020-08-01 02:09:24', '2020-08-01 02:09:24'),
(91, '149109samsat2.png', 62, '2020-08-01 02:57:39', '2020-08-01 02:57:39'),
(92, '706491samsat.png', 62, '2020-08-01 02:57:39', '2020-08-01 02:57:39'),
(93, '78685c1.png', 63, '2020-08-01 03:25:33', '2020-08-01 03:25:33'),
(94, '120357c2.png', 63, '2020-08-01 03:25:33', '2020-08-01 03:25:33'),
(98, '5662266f79988-mitsubishi-motors-aceh-696x464.jpg', 67, '2020-08-27 09:13:35', '2020-08-27 09:13:35');

-- --------------------------------------------------------

--
-- Table structure for table `kampung`
--

CREATE TABLE `kampung` (
  `id` int(11) NOT NULL,
  `kecamatan` varchar(100) NOT NULL,
  `name` varchar(50) NOT NULL
) ENGINE=InnoDB DEFAULT CHARSET=utf8mb4;

--
-- Dumping data for table `kampung`
--

INSERT INTO `kampung` (`id`, `kecamatan`, `name`) VALUES
(1, 'Baktiya', 'Keude Alue Ie Puteh'),
(2, 'Baktiya', 'Meunasah  Alue Ie Puteh'),
(3, 'Baktiya', 'Pucok Alue'),
(4, 'Baktiya', 'Alue Anoe Timu'),
(5, 'Baktiya', 'Alue Anoe Barat'),
(6, 'Baktiya', 'Pulo Seukee'),
(7, 'Baktiya', 'Alue Serdang'),
(8, 'Baktiya', 'Cot Mane'),
(9, 'Baktiya', 'Cot Kumbang'),
(10, 'Baktiya', 'Matang Kumbang'),
(11, 'Baktiya', 'Matang Kareung'),
(12, 'Baktiya', 'Cot Ulaya'),
(13, 'Baktiya', 'Alue Geudong'),
(14, 'Baktiya', 'Tanjong Glumpang'),
(15, 'Baktiya', 'Matang Raya Timu'),
(16, 'Baktiya', 'Matang Raya Barat'),
(17, 'Baktiya', 'Matang Kelayu'),
(18, 'Baktiya', 'Alue Buya'),
(19, 'Baktiya', 'Matang Cut'),
(20, 'Baktiya', 'Keude Panteu Breuh'),
(21, 'Baktiya', 'Meudang Ara'),
(22, 'Baktiya', 'Meunasah Bujok'),
(23, 'Baktiya', 'Alue Dama'),
(24, 'Baktiya', 'Cot Ara'),
(25, 'Baktiya', 'Rambong Dalam'),
(26, 'Baktiya', 'Meunasah  Geudong'),
(27, 'Baktiya', 'Alue Keutapang'),
(28, 'Baktiya', 'Krueng Lingka Barat'),
(29, 'Baktiya', 'Krueng Lingka Timu'),
(30, 'Baktiya', 'Alue Jamok'),
(31, 'Baktiya', 'Alue Bili Geulumpang'),
(32, 'Baktiya', 'Lhok Seutuy'),
(33, 'Baktiya', 'Alue Bili Rayeuk'),
(34, 'Baktiya', 'Keude Menjee IV'),
(35, 'Baktiya', 'Glumpang  Bungkok'),
(36, 'Baktiya', 'Matang Rawa'),
(37, 'Baktiya', 'Glumpang  Samlakoe'),
(38, 'Baktiya', 'Arongan Lise'),
(39, 'Baktiya', 'Matang Reudeup'),
(40, 'Baktiya', 'Matang Manyam'),
(41, 'Baktiya', 'Matang Ulim'),
(42, 'Baktiya', 'Matang Beuringen'),
(43, 'Baktiya', 'Cot Manyang'),
(44, 'Baktiya', 'Alue Ie Tarek'),
(45, 'Baktiya', 'Alue Rambong'),
(46, 'Baktiya', 'Matang Linya'),
(47, 'Baktiya', 'Matang Lawang'),
(48, 'Baktiya', 'Glumpang payong'),
(49, 'Baktiya', 'Mon Sukon'),
(50, 'Baktiya', 'Lueng Bata'),
(51, 'Baktiya', 'Ceumpeudak'),
(52, 'Baktiya', 'Buket Dara Baro'),
(53, 'Baktiya', 'Matang Pineung'),
(54, 'Baktiya', 'Matang Baro'),
(55, 'Baktiya', 'Ujong Dama'),
(56, 'Baktiya', 'Babussalam'),
(57, 'Baktiya', 'Cinta Makmur'),
(58, 'Dewantara', 'Keude Krueng Geukuh'),
(59, 'Dewantara', 'Tambon Baroh'),
(60, 'Dewantara', 'Tambon Tunong'),
(61, 'Dewantara', 'Paloh Gadeng'),
(62, 'Dewantara', 'Paloh Lada'),
(63, 'Dewantara', 'Uteun Geulinggang'),
(64, 'Dewantara', 'Pulo Rungkom'),
(65, 'Dewantara', 'Paloh Igeuh'),
(66, 'Dewantara', 'Bangka Jaya'),
(67, 'Dewantara', 'Ulee Pulo'),
(68, 'Dewantara', 'Ulee Reuleung'),
(69, 'Dewantara', 'Geulumpang  Sulu Timu'),
(70, 'Dewantara', 'Geulumpang  Sulu Barat'),
(71, 'Dewantara', 'Bluka Teubai'),
(72, 'Dewantara', 'Lancang Barat'),
(73, 'Kuta Makmur', 'Meunasah Blang Ara'),
(74, 'Kuta Makmur', 'Meunasah Buket'),
(75, 'Kuta Makmur', 'Blang Talon'),
(76, 'Kuta Makmur', 'Cot Rheu'),
(77, 'Kuta Makmur', 'Krueng Manyang'),
(78, 'Kuta Makmur', 'Bayu'),
(79, 'Kuta Makmur', 'Blang Ado'),
(80, 'Kuta Makmur', 'Dayah Meunara'),
(81, 'Kuta Makmur', 'Meunasah Kumbang'),
(82, 'Kuta Makmur', 'Meunye Cut Bahagia'),
(83, 'Kuta Makmur', 'Lhok Jok'),
(84, 'Kuta Makmur', 'Alue Rambee'),
(85, 'Kuta Makmur', 'Blang Riek'),
(86, 'Kuta Makmur', 'Cempeudak'),
(87, 'Kuta Makmur', 'Seuneubok  Drien'),
(88, 'Kuta Makmur', 'Cot Merbo'),
(89, 'Kuta Makmur', 'Keude Blang Ara'),
(90, 'Kuta Makmur', 'Keude Krueng'),
(91, 'Kuta Makmur', 'Krueng Seunong'),
(92, 'Kuta Makmur', 'Pulo Iboih'),
(93, 'Kuta Makmur', 'Blang Gurah'),
(94, 'Kuta Makmur', 'Guha Ulue'),
(95, 'Kuta Makmur', 'Ceumeucet'),
(96, 'Kuta Makmur', 'Pulo Barat'),
(97, 'Kuta Makmur', 'Pulo Rayeuk'),
(98, 'Kuta Makmur', 'Cot Seutui'),
(99, 'Kuta Makmur', 'Langkuta'),
(100, 'Kuta Makmur', 'Saweuk'),
(101, 'Kuta Makmur', 'Meuria'),
(102, 'Kuta Makmur', 'Meunasah Kulam'),
(103, 'Kuta Makmur', 'Cot Seumiyong'),
(104, 'Kuta Makmur', 'Keureusek'),
(105, 'Kuta Makmur', 'Krueng Seupeng'),
(106, 'Kuta Makmur', 'Muling Manyang'),
(107, 'Kuta Makmur', 'Muling Meucat'),
(108, 'Kuta Makmur', 'Babah Lueng'),
(109, 'Kuta Makmur', 'Panton Rayeuk I'),
(110, 'Kuta Makmur', 'Panton Rayeuk II'),
(111, 'Kuta Makmur', 'Sido Muliyo'),
(112, 'Lhoksukon', 'Kuta Lhoksukon'),
(113, 'Lhoksukon', 'Cot U Sibak'),
(114, 'Lhoksukon', 'Bintang Hu'),
(115, 'Lhoksukon', 'Blang Aman'),
(116, 'Lhoksukon', 'Cot Ara'),
(117, 'Lhoksukon', 'Blang Rubek'),
(118, 'Lhoksukon', 'Nga Matang Ubi'),
(119, 'Lhoksukon', 'Meunasah  Reudeup'),
(120, 'Lhoksukon', 'Alue Buket'),
(121, 'Lhoksukon', 'Meunye Matang Ubi'),
(122, 'Lhoksukon', 'Trieng Matang Ubi'),
(123, 'Lhoksukon', 'Ceubrek'),
(124, 'Lhoksukon', 'Meunasah  Blang'),
(125, 'Lhoksukon', 'Buket Seuntang'),
(126, 'Lhoksukon', 'Meunasah  Arongan AB'),
(127, 'Lhoksukon', 'Trieng Pantang'),
(128, 'Lhoksukon', 'Meunasah Leubok AB'),
(129, 'Lhoksukon', 'Cot Glumpang AB'),
(130, 'Lhoksukon', 'Abeuk Leupon'),
(131, 'Lhoksukon', 'Ara AB'),
(132, 'Lhoksukon', 'Mancang'),
(133, 'Lhoksukon', 'Matang Pupanji AB'),
(134, 'Lhoksukon', 'Meunasah Asan AB'),
(135, 'Lhoksukon', 'Matang Teungoh AB'),
(136, 'Lhoksukon', 'Pante'),
(137, 'Lhoksukon', 'Rambot'),
(138, 'Lhoksukon', 'Meunasah  Alue Drien LB'),
(139, 'Lhoksukon', 'Alue Mudem'),
(140, 'Lhoksukon', 'Meunasah Geulinggang'),
(141, 'Lhoksukon', 'Meunasah  Asan LB'),
(142, 'Lhoksukon', 'Beringin LB'),
(143, 'Lhoksukon', 'Meunasah  Teungoh LB'),
(144, 'Lhoksukon', 'Meunasah  Rayeuk LB'),
(145, 'Lhoksukon', 'Meunasah  Ulee Barat'),
(146, 'Lhoksukon', 'Meunasah  Ranto'),
(147, 'Lhoksukon', 'Meunasah Tutong'),
(148, 'Lhoksukon', 'Meunasah Nga LB'),
(149, 'Lhoksukon', 'Keutapang'),
(150, 'Lhoksukon', 'Matang Munjee'),
(151, 'Lhoksukon', 'Pulo Dulang'),
(152, 'Lhoksukon', 'Dayah LB'),
(153, 'Lhoksukon', 'Meunasah Geumata'),
(154, 'Lhoksukon', 'Meunasah Meureubo'),
(155, 'Lhoksukon', 'Meunasah Dayah LT'),
(156, 'Lhoksukon', 'Arongan LT'),
(157, 'Lhoksukon', 'Meunasah  Tuha'),
(158, 'Lhoksukon', 'Meunasah  Krueng LT'),
(159, 'Lhoksukon', 'Babah Geudeubang'),
(160, 'Lhoksukon', 'Grong-grong'),
(161, 'Lhoksukon', 'Alue Itam Reudeup'),
(162, 'Lhoksukon', 'Teupin Keubeu'),
(163, 'Lhoksukon', 'Meunasah  Nga LT'),
(164, 'Lhoksukon', 'Meunasah  Meuria'),
(165, 'Lhoksukon', 'Kumbang LT'),
(166, 'Lhoksukon', 'Seneubok Dalam'),
(167, 'Lhoksukon', 'Aleu Eumpok'),
(168, 'Lhoksukon', 'Meunasah  Jok'),
(169, 'Lhoksukon', 'Manyang'),
(170, 'Lhoksukon', 'Lhok Kareung'),
(171, 'Lhoksukon', 'Cot Asan'),
(172, 'Lhoksukon', 'Alue Abee'),
(173, 'Lhoksukon', 'Buloh LT'),
(174, 'Lhoksukon', 'Geulumpang'),
(175, 'Lhoksukon', 'Meunasah Teungoh LT'),
(176, 'Lhoksukon', 'Mata U'),
(177, 'Lhoksukon', 'Meucat'),
(178, 'Lhoksukon', 'Buket Mee LT'),
(179, 'Lhoksukon', 'Ulee Tanoh'),
(180, 'Lhoksukon', 'Buket Kreung'),
(181, 'Lhoksukon', 'Ulee Gunong'),
(182, 'Lhoksukon', 'Lhok Seuntang'),
(183, 'Lhoksukon', 'Alue Itam Baroh'),
(184, 'Lhoksukon', 'Mata Ie'),
(185, 'Lhoksukon', 'Rawa'),
(186, 'Lhoksukon', 'Buket Hagu'),
(187, 'Matangkuli', 'Keude Matangkuli'),
(188, 'Matangkuli', 'Ude'),
(189, 'Matangkuli', 'Blang Matangkuli'),
(190, 'Matangkuli', 'Rayeuk Matangkuli'),
(191, 'Matangkuli', 'Tumpok Perlak'),
(192, 'Matangkuli', 'Ujong  Kulam'),
(193, 'Matangkuli', 'Tanjong Teungku Ali'),
(194, 'Matangkuli', 'Rayeuk Glang Glong'),
(195, 'Matangkuli', 'Punti Geulumpang  VII'),
(196, 'Matangkuli', 'Geulumpang VII'),
(197, 'Matangkuli', 'Teungoh Glumpang VII'),
(198, 'Matangkuli', 'Aron Geulumpang VII'),
(199, 'Matangkuli', 'Matang Munye'),
(200, 'Matangkuli', 'Parang Sikureung'),
(201, 'Matangkuli', 'Baro'),
(202, 'Matangkuli', 'Mee'),
(203, 'Matangkuli', 'Tanjong Babah Krueng'),
(204, 'Matangkuli', 'Punti Matangkuli'),
(205, 'Matangkuli', 'Teupin Keubue'),
(206, 'Matangkuli', 'Trieng Teupin Keubue'),
(207, 'Matangkuli', 'Matang Mee'),
(208, 'Matangkuli', 'Jeumpa Geulumpang VII'),
(209, 'Matangkuli', 'Tumpok Barat'),
(210, 'Matangkuli', 'Meuria Matangkuli'),
(211, 'Matangkuli', 'Hagu'),
(212, 'Matangkuli', 'Alue Tho'),
(213, 'Matangkuli', 'Ceubrek Pirak'),
(214, 'Matangkuli', 'Rayeuk Pirak'),
(215, 'Matangkuli', 'Aron Pirak'),
(216, 'Matangkuli', 'Lawang'),
(217, 'Matangkuli', 'Tanjong Haji Muda'),
(218, 'Matangkuli', 'Siren'),
(219, 'Matangkuli', 'Meunye Pirak'),
(220, 'Matangkuli', 'Beuringen Pirak'),
(221, 'Matangkuli', 'Teungoh Pirak'),
(222, 'Matangkuli', 'Mesjid Pirak'),
(223, 'Matangkuli', 'Matang Peusangan'),
(224, 'Matangkuli', 'Pante Pirak'),
(225, 'Matangkuli', 'Leubok Pirak'),
(226, 'Matangkuli', 'Blang Kuta'),
(227, 'Matangkuli', 'Blang Supeng'),
(228, 'Matangkuli', 'Beurancan  Pirak'),
(229, 'Matangkuli', 'Alue Entok'),
(230, 'Matangkuli', 'Tanjong Teungku Kari'),
(231, 'Matangkuli', 'Teungoh Seuleumak'),
(232, 'Matangkuli', 'Seuriweuk'),
(233, 'Matangkuli', 'Dayah Baro'),
(234, 'Matangkuli', 'Kunyet Mulee'),
(235, 'Matangkuli', 'Tutong'),
(236, 'Muara Batu', 'Keude Mane'),
(237, 'Muara Batu', 'Meunasah Drang'),
(238, 'Muara Batu', 'Meunasah Baro'),
(239, 'Muara Batu', 'Meunasah Lhok'),
(240, 'Muara Batu', 'Cot Seurani'),
(241, 'Muara Batu', 'Mane Tunong'),
(242, 'Muara Batu', 'Kuala Dua'),
(243, 'Muara Batu', 'Meunasah Pinto'),
(244, 'Muara Batu', 'Keude Bungkaih'),
(245, 'Muara Batu', 'Kambam'),
(246, 'Muara Batu', 'Meunasah  Aron'),
(247, 'Muara Batu', 'Cot Trueng'),
(248, 'Muara Batu', 'Dakuta'),
(249, 'Muara Batu', 'Paloh Awe'),
(250, 'Muara Batu', 'Tanoh Anoe'),
(251, 'Muara Batu', 'Pante Gurah'),
(252, 'Muara Batu', 'Teupin Banja'),
(253, 'Muara Batu', 'Teumpok Beurandang'),
(254, 'Muara Batu', 'Paloh Raya'),
(255, 'Muara Batu', 'Panigah'),
(256, 'Muara Batu', 'Ulee Madon'),
(257, 'Muara Batu', 'Reuleut Timu'),
(258, 'Muara Batu', 'Reuleut Barat'),
(259, 'Muara Batu', 'Pinto Makmur'),
(260, 'Meurah Mulia', 'Dayah Bluek'),
(261, 'Meurah Mulia', 'Mesjid Bluek'),
(262, 'Meurah Mulia', 'Meuria Bluek'),
(263, 'Meurah Mulia', 'Rheng Bluek'),
(264, 'Meurah Mulia', 'Pulo Bluek'),
(265, 'Meurah Mulia', 'Rangkileh'),
(266, 'Meurah Mulia', 'Rayeuk Matang'),
(267, 'Meurah Mulia', 'Ulee Meuria'),
(268, 'Meurah Mulia', 'Tanjong'),
(269, 'Meurah Mulia', 'Keude Karieng'),
(270, 'Meurah Mulia', 'Manyang'),
(271, 'Meurah Mulia', 'Ulee Ceubrek'),
(272, 'Meurah Mulia', 'Teumpok Teungku'),
(273, 'Meurah Mulia', 'Geulumpang'),
(274, 'Meurah Mulia', 'Reudeup'),
(275, 'Meurah Mulia', 'Barat Paya Itek'),
(276, 'Meurah Mulia', 'Paya Kambuk'),
(277, 'Meurah Mulia', 'Paya Bili'),
(278, 'Meurah Mulia', 'Meunasah  Mee'),
(279, 'Meurah Mulia', 'Meunasah  Nga'),
(280, 'Meurah Mulia', 'Ubit Paya Itek'),
(281, 'Meurah Mulia', 'Rayeuk Paya Itek'),
(282, 'Meurah Mulia', 'Blang Cut'),
(283, 'Meurah Mulia', 'Keeh'),
(284, 'Meurah Mulia', 'Kumbang'),
(285, 'Meurah Mulia', 'Pri Keutapang'),
(286, 'Meurah Mulia', 'Mesjid'),
(287, 'Meurah Mulia', 'Teungoh Reuba'),
(288, 'Meurah Mulia', 'Blang Reuma'),
(289, 'Meurah Mulia', 'Drien Puntong'),
(290, 'Meurah Mulia', 'Pulo Kitou'),
(291, 'Meurah Mulia', 'Ceubrek'),
(292, 'Meurah Mulia', 'Meunye Peut'),
(293, 'Meurah Mulia', 'Beuringen'),
(294, 'Meurah Mulia', 'Nibong'),
(295, 'Meurah Mulia', 'Tualang'),
(296, 'Meurah Mulia', 'Pulo Drien Beukah'),
(297, 'Meurah Mulia', 'Teungoh Kuta Batee'),
(298, 'Meurah Mulia', 'Ujung Kuta Batee'),
(299, 'Meurah Mulia', 'Pulo Blang'),
(300, 'Meurah Mulia', 'Leubok Tuwe'),
(301, 'Meurah Mulia', 'Baroh Kuta Batee'),
(302, 'Meurah Mulia', 'Gampong Teungoh'),
(303, 'Meurah Mulia', 'Ranto'),
(304, 'Meurah Mulia', 'Meunye Payong'),
(305, 'Meurah Mulia', 'Ujong Reuba'),
(306, 'Meurah Mulia', 'Paya Sutra'),
(307, 'Meurah Mulia', 'Baree Blang'),
(308, 'Meurah Mulia', 'Keude Jungka Gajah'),
(309, 'Meurah Mulia', 'Saramaba'),
(310, 'Samudera', 'Pie'),
(311, 'Samudera', 'Asan'),
(312, 'Samudera', 'Murong'),
(313, 'Samudera', 'Blang Kabu'),
(314, 'Samudera', 'Mancang'),
(315, 'Samudera', 'Keude Geudong'),
(316, 'Samudera', 'Blang Peuria'),
(317, 'Samudera', 'Teupin Ara'),
(318, 'Samudera', 'Teupin Beulangan'),
(319, 'Samudera', 'Krueng Baro Langgahan'),
(320, 'Samudera', 'Pusong'),
(321, 'Samudera', 'Tanjong Kleng'),
(322, 'Samudera', 'Gampong Baro'),
(323, 'Samudera', 'Beuringen'),
(324, 'Samudera', 'Kuta Krueng'),
(325, 'Samudera', 'Kuta Glumpang'),
(326, 'Samudera', 'Meucat'),
(327, 'Samudera', 'Krueng Baro Blang Mee'),
(328, 'Samudera', 'Ujong'),
(329, 'Samudera', 'Mesjid'),
(330, 'Samudera', 'Teungoh'),
(331, 'Samudera', 'Keude Blang Mee Pulo Klat'),
(332, 'Samudera', 'Puuk'),
(333, 'Samudera', 'Lancang'),
(334, 'Samudera', 'Matang Ulim'),
(335, 'Samudera', 'Sawang'),
(336, 'Samudera', 'Laga Baro'),
(337, 'Samudera', 'Pulo'),
(338, 'Samudera', 'Matang Tunong'),
(339, 'Samudera', 'Matang Puntong'),
(340, 'Samudera', 'Blang Nibong'),
(341, 'Samudera', 'Tanjong Baroh'),
(342, 'Samudera', 'Tanjong Hagu'),
(343, 'Samudera', 'Tanjong Reungkam'),
(344, 'Samudera', 'Tanjong Mesjid'),
(345, 'Samudera', 'Paya Terbang'),
(346, 'Samudera', 'Madan'),
(347, 'Samudera', 'Tanjong Awe'),
(348, 'Samudera', 'Kitou'),
(349, 'Samudera', 'Krueng Matee'),
(350, 'Seunuddon', 'Tanjong Pineng'),
(351, 'Seunuddon', 'Meurubo Puntong'),
(352, 'Seunuddon', 'Mane Kawan'),
(353, 'Seunuddon', 'Alue Barueh'),
(354, 'Seunuddon', 'Keude Simpang Jalan'),
(355, 'Seunuddon', 'Blang Pha'),
(356, 'Seunuddon', 'Alue Kiran'),
(357, 'Seunuddon', 'Blang Tue'),
(358, 'Seunuddon', 'Cot Kafiraton'),
(359, 'Seunuddon', 'Tanjong Dama'),
(360, 'Seunuddon', 'Paya Dua Uram'),
(361, 'Seunuddon', 'Paya Dua Ujong'),
(362, 'Seunuddon', 'Alue Capli'),
(363, 'Seunuddon', 'Simpang Peut'),
(364, 'Seunuddon', 'Meunasah  Sagoe'),
(365, 'Seunuddon', 'Matang Puntong'),
(366, 'Seunuddon', 'Matang Panyang'),
(367, 'Seunuddon', 'Cot Patisah'),
(368, 'Seunuddon', 'Cot Trueng'),
(369, 'Seunuddon', 'Darul Aman'),
(370, 'Seunuddon', 'Matang Jeulikat'),
(371, 'Seunuddon', 'Lhok Puuk'),
(372, 'Seunuddon', 'Ulee Rubek Barat'),
(373, 'Seunuddon', 'Ulee Rubek Timu'),
(374, 'Seunuddon', 'Bantayan'),
(375, 'Seunuddon', 'Teupin Kuyuen'),
(376, 'Seunuddon', 'Matang Lada'),
(377, 'Seunuddon', 'Ulee Matang'),
(378, 'Seunuddon', 'Matang Karieng'),
(379, 'Seunuddon', 'Lhok Rambideng'),
(380, 'Seunuddon', 'Matang Anoe'),
(381, 'Seunuddon', 'Lhok Geulituet'),
(382, 'Seunuddon', 'Ulee Titi'),
(383, 'Syamtalira Aron', 'Keude Aron'),
(384, 'Syamtalira Aron', 'Dayah Aron'),
(385, 'Syamtalira Aron', 'Moncrang'),
(386, 'Syamtalira Aron', 'Kanot'),
(387, 'Syamtalira Aron', 'Meuria Aron'),
(388, 'Syamtalira Aron', 'Mee Aron'),
(389, 'Syamtalira Aron', 'Glok'),
(390, 'Syamtalira Aron', 'Cibrek Baroh'),
(391, 'Syamtalira Aron', 'Cibrek Tunong'),
(392, 'Syamtalira Aron', 'Matang Munye'),
(393, 'Syamtalira Aron', 'Pante'),
(394, 'Syamtalira Aron', 'Keutapang'),
(395, 'Syamtalira Aron', 'Blang'),
(396, 'Syamtalira Aron', 'Teungoh'),
(397, 'Syamtalira Aron', 'Tanjong Krueng Pase'),
(398, 'Syamtalira Aron', 'Mesjid'),
(399, 'Syamtalira Aron', 'Keude Teupin Punti'),
(400, 'Syamtalira Aron', 'Kumbang'),
(401, 'Syamtalira Aron', 'Gampong U'),
(402, 'Syamtalira Aron', 'Calong'),
(403, 'Syamtalira Aron', 'Manyang Baroh'),
(404, 'Syamtalira Aron', 'Peurupok'),
(405, 'Syamtalira Aron', 'Alue Gunto'),
(406, 'Syamtalira Aron', 'Pulo'),
(407, 'Syamtalira Aron', 'Kulam'),
(408, 'Syamtalira Aron', 'Ampeh'),
(409, 'Syamtalira Aron', 'Dayah Meuria'),
(410, 'Syamtalira Aron', 'Mampree'),
(411, 'Syamtalira Aron', 'Meucat'),
(412, 'Syamtalira Aron', 'Ara'),
(413, 'Syamtalira Aron', 'Hagu'),
(414, 'Syamtalira Aron', 'Awe'),
(415, 'Syamtalira Aron', 'Tanjong Mulieng'),
(416, 'Syamtalira Aron', 'Daya Teungku'),
(417, '11.08.11', 'Syamtalira Bayu'),
(418, 'Syamtalira Bayu', 'Bale'),
(419, 'Syamtalira Bayu', 'Bie'),
(420, 'Syamtalira Bayu', 'Beurandang'),
(421, 'Syamtalira Bayu', 'Baro Kulam Gajah'),
(422, 'Syamtalira Bayu', 'Glong'),
(423, 'Syamtalira Bayu', 'Nibong'),
(424, 'Syamtalira Bayu', 'Langa'),
(425, 'Syamtalira Bayu', 'Beunot'),
(426, 'Syamtalira Bayu', 'Keude Bayu'),
(427, 'Syamtalira Bayu', 'Blang Bayu'),
(428, 'Syamtalira Bayu', 'Dayah Tuha'),
(429, 'Syamtalira Bayu', 'Dayah Baro'),
(430, 'Syamtalira Bayu', 'Lancok'),
(431, 'Syamtalira Bayu', 'Punti'),
(432, 'Syamtalira Bayu', 'Bungong'),
(433, 'Syamtalira Bayu', 'Baroh Blang Rimueng'),
(434, 'Syamtalira Bayu', 'Ulee Meuria'),
(435, 'Syamtalira Bayu', 'Kayee Panyang'),
(436, 'Syamtalira Bayu', 'Rheng'),
(437, 'Syamtalira Bayu', 'Trieng Meudurou'),
(438, 'Syamtalira Bayu', 'Ulee Gampong'),
(439, 'Syamtalira Bayu', 'Garut'),
(440, 'Syamtalira Bayu', 'Blang Awe'),
(441, 'Syamtalira Bayu', 'Pulo Blang Mangat'),
(442, 'Syamtalira Bayu', 'Cibrek'),
(443, 'Syamtalira Bayu', 'Pulo Blang Trieng'),
(444, 'Syamtalira Bayu', 'Meudang Ara'),
(445, 'Syamtalira Bayu', 'Cot Neuheun'),
(446, 'Syamtalira Bayu', 'Tumpeun'),
(447, 'Syamtalira Bayu', 'Alen'),
(448, 'Syamtalira Bayu', 'Dayah Blang Seureukuy'),
(449, 'Syamtalira Bayu', 'Blang Patra'),
(450, 'Syamtalira Bayu', 'Blang Majron'),
(451, 'Syamtalira Bayu', 'Seuneubok  Baro'),
(452, 'Syamtalira Bayu', 'Buket Glumpang'),
(453, 'Syamtalira Bayu', 'Alue Majron'),
(454, 'Syamtalira Bayu', 'Siren Tujoh'),
(455, 'Syamtalira Bayu', 'Blang Seureukuy'),
(456, 'Tanah Luas', 'Pulo Blang'),
(457, 'Tanah Luas', 'Matang Ben'),
(458, 'Tanah Luas', 'Matang Cibrek'),
(459, 'Tanah Luas', 'Deng'),
(460, 'Tanah Luas', 'Rawa'),
(461, 'Tanah Luas', 'Punti Pulo Agam'),
(462, 'Tanah Luas', 'Alue Pangkat'),
(463, 'Tanah Luas', 'Teungoh Pulo Agam'),
(464, 'Tanah Luas', 'Hueng'),
(465, 'Tanah Luas', 'Pulo U'),
(466, 'Tanah Luas', 'Alue Keujruen'),
(467, 'Tanah Luas', 'Paya Beurandang'),
(468, 'Tanah Luas', 'Manyang Tunong'),
(469, 'Tanah Luas', 'Meunasah  Tutong'),
(470, 'Tanah Luas', 'Ampeh'),
(471, 'Tanah Luas', 'Alue'),
(472, 'Tanah Luas', 'Teungku Dibalee'),
(473, 'Tanah Luas', 'Keude Blang Jruen'),
(474, 'Tanah Luas', 'Blang Jruen'),
(475, 'Tanah Luas', 'Ujong Baroh Berghang'),
(476, 'Tanah Luas', 'Jeumpa Berghang'),
(477, 'Tanah Luas', 'Teungoh Berghang'),
(478, 'Tanah Luas', 'Pante Berghang'),
(479, 'Tanah Luas', 'Serba Jaman'),
(480, 'Tanah Luas', 'Rayeuk Naleung'),
(481, 'Tanah Luas', 'Rangkaya'),
(482, 'Tanah Luas', 'Paya'),
(483, 'Tanah Luas', 'Blang Bidok'),
(484, 'Tanah Luas', 'Rayeuk Kuta'),
(485, 'Tanah Luas', 'Rayeuk Munye'),
(486, 'Tanah Luas', 'Ujong Baroh SB'),
(487, 'Tanah Luas', 'Trieng'),
(488, 'Tanah Luas', 'Manyang SB'),
(489, 'Tanah Luas', 'Cibrek'),
(490, 'Tanah Luas', 'Keutapang'),
(491, 'Tanah Luas', 'Matang Mane'),
(492, 'Tanah Luas', 'Alue Gampong'),
(493, 'Tanah Luas', 'Bayi'),
(494, 'Tanah Luas', 'Tumpok Aceh'),
(495, 'Tanah Luas', 'Ulee Buket'),
(496, 'Tanah Luas', 'Cot Dah'),
(497, 'Tanah Luas', 'Leupon Siren'),
(498, 'Tanah Luas', 'Blang Trieng'),
(499, 'Tanah Luas', 'Alue Sijuek'),
(500, 'Tanah Luas', 'Hagu'),
(501, 'Tanah Luas', 'Teupin Mee'),
(502, 'Tanah Luas', 'Plu Pakam'),
(503, 'Tanah Luas', 'Blang Pie'),
(504, 'Tanah Luas', 'Punti Seuleumak Barat'),
(505, 'Tanah Luas', 'Serba Jaman Tunong'),
(506, 'Tanah Luas', 'Leuhong'),
(507, 'Tanah Luas', 'Blang'),
(508, 'Tanah Luas', 'Tanjong Mesjid'),
(509, 'Tanah Luas', 'Serba Jaman Baroh'),
(510, 'Tanah Luas', 'Cot Barat'),
(511, 'Tanah Luas', 'Matang Baloy'),
(512, 'Tanah Luas', 'Buket Makarti'),
(513, 'Tanah Pasir', 'Alue'),
(514, 'Tanah Pasir', 'Mee Matang Panyang'),
(515, 'Tanah Pasir', 'Blang'),
(516, 'Tanah Pasir', 'Paloh'),
(517, 'Tanah Pasir', 'Keude Matang Payang'),
(518, 'Tanah Pasir', 'Gampong Pande'),
(519, 'Tanah Pasir', 'Matang Ranup Laseh'),
(520, 'Tanah Pasir', 'Cangguek'),
(521, 'Tanah Pasir', 'Kumbang'),
(522, 'Tanah Pasir', 'Prie'),
(523, 'Tanah Pasir', 'Keutapang'),
(524, 'Tanah Pasir', 'Keude Jrat Manyang'),
(525, 'Tanah Pasir', 'Teupin Gapeuh'),
(526, 'Tanah Pasir', 'Cibrek'),
(527, 'Tanah Pasir', 'Me Merbo'),
(528, 'Tanah Pasir', 'Ulee Tanoh'),
(529, 'Tanah Pasir', 'Matang Janeng'),
(530, 'Tanah Pasir', 'Kuala Keureutou Barat'),
(531, 'ambo Aye', 'Teupin Gajah'),
(532, 'ambo Aye', 'Geulumpang Umpung Unou'),
(533, 'ambo Aye', 'Ranto Panyang'),
(534, 'ambo Aye', 'Seuneubok Doe'),
(535, 'ambo Aye', 'Meunasah Geudong'),
(536, 'ambo Aye', 'Meunasah Merbo'),
(537, 'ambo Aye', 'Tanjong Meunye'),
(538, 'ambo Aye', 'Matang Jurong'),
(539, 'ambo Aye', 'Tanjong Dalam Utara'),
(540, 'ambo Aye', 'Meunasah Dayah'),
(541, 'ambo Aye', 'Seuneubok Pidie'),
(542, 'ambo Aye', 'Tanjong Menuang'),
(543, 'ambo Aye', 'Matang Teungoh-Teungoh'),
(544, 'ambo Aye', 'Lhok Reudeup'),
(545, 'ambo Aye', 'Lhok Merbo'),
(546, 'ambo Aye', 'Tanjong Ara'),
(547, 'ambo Aye', 'Alue Ie Mirah'),
(548, 'ambo Aye', 'Tanjong Punti'),
(549, 'ambo Aye', 'Bukit Alue Puteh'),
(550, 'ambo Aye', 'Buket Jrat Manyang'),
(551, 'ambo Aye', 'Matang Maneh'),
(552, 'ambo Aye', 'Pucok Alue'),
(553, 'ambo Aye', 'Matang Serdang'),
(554, 'ambo Aye', 'Matang Santot'),
(555, 'ambo Aye', 'Buket Padang'),
(556, 'ambo Aye', 'Matang Seuke Pulot'),
(557, 'ambo Aye', 'Lhok Beuringen'),
(558, 'ambo Aye', 'Lueng Tuha'),
(559, 'ambo Aye', 'Matang Raya'),
(560, 'ambo Aye', 'Tanjong Ceungai'),
(561, 'ambo Aye', 'Teupin Bayu'),
(562, 'ambo Aye', 'Meunasah Panton Labu'),
(563, 'ambo Aye', 'Kota Panton Labu'),
(564, 'ambo Aye', 'Rawang Itek'),
(565, 'ambo Aye', 'Samakurok'),
(566, 'ambo Aye', 'Biara Barat'),
(567, 'ambo Aye', 'Biara Timur'),
(568, 'ambo Aye', 'Matang Drien'),
(569, 'ambo Aye', 'Ceumpeudak'),
(570, 'ambo Aye', 'Alue Papeun'),
(571, 'ambo Aye', 'Lhok Bintang Hu'),
(572, 'ambo Aye', 'Biram Rayeuk'),
(573, 'ambo Aye', 'Cot Biek'),
(574, 'ambo Aye', 'Matang Arongan'),
(575, 'ambo Aye', 'Biram Cut'),
(576, 'ambo Aye', 'Buket Batee Badan'),
(577, 'ambo Aye', 'Ulee Glee'),
(578, 'Sawang', 'Lagang'),
(579, 'Sawang', 'Abeuk Reuling'),
(580, 'Sawang', 'Lhok Krek'),
(581, 'Sawang', 'Lhok Merbo'),
(582, 'Sawang', 'Gle Dagang'),
(583, 'Sawang', 'Kuta Meuligoe'),
(584, 'Sawang', 'Gampong Teungoh'),
(585, 'Sawang', 'Babah Buloh'),
(586, 'Sawang', 'Meunasah  Pulo'),
(587, 'Sawang', 'Punteuet'),
(588, 'Sawang', 'Pante Jaloh'),
(589, 'Sawang', 'Lhok Kuyun'),
(590, 'Sawang', 'Blang Reuling'),
(591, 'Sawang', 'Lhok Gajah'),
(592, 'Sawang', 'Teupin Rusep'),
(593, 'Sawang', 'Ulee Geudong'),
(594, 'Sawang', 'Tanjong Keumala'),
(595, 'Sawang', 'Cot Kumuneng'),
(596, 'Sawang', 'Cot Lambideng'),
(597, 'Sawang', 'Paya Gaboh'),
(598, 'Sawang', 'Paya Rabo Lhok'),
(599, 'Sawang', 'Paya Rabo Timu'),
(600, 'Sawang', 'Lancok'),
(601, 'Sawang', 'Rambong Payong'),
(602, 'Sawang', 'Lhok Bayu'),
(603, 'Sawang', 'Krueng Baro'),
(604, 'Sawang', 'Babah Krueng'),
(605, 'Sawang', 'Jurong'),
(606, 'Sawang', 'Blang Manyak'),
(607, 'Sawang', 'Lhok Jok'),
(608, 'Sawang', 'Blang Teurakan'),
(609, 'Sawang', 'Sawang'),
(610, 'Sawang', 'Riseh Baroh'),
(611, 'Sawang', 'Riseh Teungoh'),
(612, 'Sawang', 'Riseh Tunong'),
(613, 'Sawang', 'Gunci'),
(614, 'Sawang', 'Kubu'),
(615, 'Sawang', 'Blang Cut'),
(616, 'Sawang', 'Lhok Cut'),
(617, 'Nisam', 'Paloh Mambu'),
(618, 'Nisam', 'Blang Karieng'),
(619, 'Nisam', 'Paloh Kayee Kunyet'),
(620, 'Nisam', 'Gampong Barat'),
(621, 'Nisam', 'Meunasah  Beunot'),
(622, 'Nisam', 'Seuneubok'),
(623, 'Nisam', 'Cot Leupee'),
(624, 'Nisam', 'Gampong Teungoh'),
(625, 'Nisam', 'Meunasah  Meucat'),
(626, 'Nisam', 'Meunasah  Alue'),
(627, 'Nisam', 'Panton'),
(628, 'Nisam', 'Paloh Mampree'),
(629, 'Nisam', 'Peunayan'),
(630, 'Nisam', 'Tingkeum'),
(631, 'Nisam', 'Meunasah  Rayeuk'),
(632, 'Nisam', 'Meunasah  Cut'),
(633, 'Nisam', 'Jeulikat'),
(634, 'Nisam', 'Alue Bili'),
(635, 'Nisam', 'Cot Mambong'),
(636, 'Nisam', 'Blang Dalam Geunteng'),
(637, 'Nisam', 'Blang Dalam Tunong'),
(638, 'Nisam', 'Blang Dalam Baroh'),
(639, 'Nisam', 'Cot Mee'),
(640, 'Nisam', 'Cot Euntung'),
(641, 'Nisam', 'Blang Crok'),
(642, 'Nisam', 'Meunasah Krueng'),
(643, 'Nisam', 'Binjee'),
(644, 'Nisam', 'Keutapang'),
(645, 'Nisam', 'Ulee Blang'),
(646, 'Cot Girek', 'Cot Girek'),
(647, 'Cot Girek', 'Lhok Meurbo'),
(648, 'Cot Girek', 'Kp. Bantan'),
(649, 'Cot Girek', 'Alue Seumambu'),
(650, 'Cot Girek', 'Ulee Gampong'),
(651, 'Cot Girek', 'Batu XII'),
(652, 'Cot Girek', 'Kp. Tempel'),
(653, 'Cot Girek', 'Alue Leuhob'),
(654, 'Cot Girek', 'Seuneubok  Baro'),
(655, 'Cot Girek', 'Alue Drien'),
(656, 'Cot Girek', 'Cempeudak'),
(657, 'Cot Girek', 'Matang Teungoh'),
(658, 'Cot Girek', 'Pucok Alue'),
(659, 'Cot Girek', 'U Baro.'),
(660, 'Cot Girek', 'Trieng'),
(661, 'Cot Girek', 'Lhok Reuhat'),
(662, 'Cot Girek', 'Lueng Baro'),
(663, 'Cot Girek', 'Jeulikat'),
(664, 'Cot Girek', 'Gampong Ara'),
(665, 'Cot Girek', 'Beurandang Dayah'),
(666, 'Cot Girek', 'Beurandang Krueng'),
(667, 'Cot Girek', 'Seupeng'),
(668, 'Cot Girek', 'Beurandang Asan'),
(669, 'Cot Girek', 'Drien II'),
(670, 'Langkahan', 'Cot Bada'),
(671, 'Langkahan', 'Alue Dua'),
(672, 'Langkahan', 'Bantayan'),
(673, 'Langkahan', 'Kampong Blang'),
(674, 'Langkahan', 'Paya Tukai'),
(675, 'Langkahan', 'Matang Keutapang'),
(676, 'Langkahan', 'Krueng Lingka'),
(677, 'Langkahan', 'Simpang Tiga'),
(678, 'Langkahan', 'Matang Rubek'),
(679, 'Langkahan', 'Leubok Mane'),
(680, 'Langkahan', 'Matang Teungoh Selatan'),
(681, 'Langkahan', 'Padang Meuria'),
(682, 'Langkahan', 'Alue Krak Kayee'),
(683, 'Langkahan', 'Tanjong Jawa'),
(684, 'Langkahan', 'Meunasah  Blang'),
(685, 'Langkahan', 'Tanjong Dalam Selatan'),
(686, 'Langkahan', 'Geudumbak'),
(687, 'Langkahan', 'Langkahan'),
(688, 'Langkahan', 'Rumoh Rayeuk'),
(689, 'Langkahan', 'Buket Linteung'),
(690, 'Langkahan', 'Lubok Pusaka'),
(691, 'Langkahan', 'Seureuke'),
(692, 'Langkahan', 'Pante Gaki Bale'),
(693, 'Baktiya Barat', 'Keude Sampoiniet'),
(694, 'Baktiya Barat', 'Lhok Iboh'),
(695, 'Baktiya Barat', 'Matang Bayu'),
(696, 'Baktiya Barat', 'Lang Nibong'),
(697, 'Baktiya Barat', 'Blang Seunong'),
(698, 'Baktiya Barat', 'Singgah Mata'),
(699, 'Baktiya Barat', 'Matang Panyang'),
(700, 'Baktiya Barat', 'Matang Ceubrek'),
(701, 'Baktiya Barat', 'Matang Teungoh'),
(702, 'Baktiya Barat', 'Cot Paya'),
(703, 'Baktiya Barat', 'Cot Kupok'),
(704, 'Baktiya Barat', 'Matang Raya Blang Sialet'),
(705, 'Baktiya Barat', 'Pucok Alue Buket'),
(706, 'Baktiya Barat', 'Matang Sijuek Timu'),
(707, 'Baktiya Barat', 'Matang Sijuek Teungoh'),
(708, 'Baktiya Barat', 'Matang Sijuek Barat'),
(709, 'Baktiya Barat', 'Cot Laba'),
(710, 'Baktiya Barat', 'Meunasah  Pante'),
(711, 'Baktiya Barat', 'Meurandeh  Paya'),
(712, 'Baktiya Barat', 'Cot Murong'),
(713, 'Baktiya Barat', 'Matang Paya'),
(714, 'Baktiya Barat', 'Lhok Euncien'),
(715, 'Baktiya Barat', 'Cot Usen'),
(716, 'Baktiya Barat', 'Meunasah  Hagu'),
(717, 'Baktiya Barat', 'Blang Rheue'),
(718, 'Baktiya Barat', 'Paya Bateung'),
(719, 'Paya Bakong', 'Blang Ara'),
(720, 'Paya Bakong', 'Tgk.Dibanda  Pirak'),
(721, 'Paya Bakong', 'Paya Meudru'),
(722, 'Paya Bakong', 'Blang Sialet'),
(723, 'Paya Bakong', 'Buket Guru'),
(724, 'Paya Bakong', 'Geulumpang Pirak'),
(725, 'Paya Bakong', 'Alue Lhok'),
(726, 'Paya Bakong', 'Seuneubok Aceh'),
(727, 'Paya Bakong', 'Buket Pidie'),
(728, 'Paya Bakong', 'Kebon Pirak'),
(729, 'Paya Bakong', 'Alue Leukot'),
(730, 'Paya Bakong', 'Blang Mane'),
(731, 'Paya Bakong', 'Peureupok'),
(732, 'Paya Bakong', 'Ulue Bieng'),
(733, 'Paya Bakong', 'Pante Seuleumak'),
(734, 'Paya Bakong', 'Meuria Seuleumak'),
(735, 'Paya Bakong', 'Tunong Krueng'),
(736, 'Paya Bakong', 'Geureughek'),
(737, 'Paya Bakong', 'Meunye Seuleumak'),
(738, 'Paya Bakong', 'Simpang'),
(739, 'Paya Bakong', 'Tumpok Mesjid'),
(740, 'Paya Bakong', 'Jok'),
(741, 'Paya Bakong', 'Leuhong'),
(742, 'Paya Bakong', 'Tanjong Burunyong'),
(743, 'Paya Bakong', 'Keude Paya Bakong'),
(744, 'Paya Bakong', 'Blang Gunci'),
(745, 'Paya Bakong', 'Gampong Nga'),
(746, 'Paya Bakong', 'Mampree'),
(747, 'Paya Bakong', 'Matang Panyang'),
(748, 'Paya Bakong', 'Tanjung Drien'),
(749, 'Paya Bakong', 'Asan Seuleumak'),
(750, 'Paya Bakong', 'Tgk. Dibanda Tek-Tek'),
(751, 'Paya Bakong', 'Cot Teufah'),
(752, 'Paya Bakong', 'Pucok Alue Seuleumak'),
(753, 'Paya Bakong', 'Lueng'),
(754, 'Paya Bakong', 'Cempeudak'),
(755, 'Paya Bakong', 'Blang Paku'),
(756, 'Paya Bakong', 'Blang Dalam'),
(757, 'Paya Bakong', 'Blang Pante'),
(758, 'Nibong', 'Nibong Baroh'),
(759, 'Nibong', 'Nibong Wakheuh'),
(760, 'Nibong', 'Keude Nibong'),
(761, 'Nibong', 'Keupok Nibong'),
(762, 'Nibong', 'Dayah Nibong'),
(763, 'Nibong', 'Sumbok Rayeuk'),
(764, 'Nibong', 'Paya Terbang'),
(765, 'Nibong', 'Teupin Jok'),
(766, 'Nibong', 'Mamplam'),
(767, 'Nibong', 'Keulilee'),
(768, 'Nibong', 'Meunye Lhee'),
(769, 'Nibong', 'Ranto'),
(770, 'Nibong', 'Seulunyok'),
(771, 'Nibong', 'Keh Nibong'),
(772, 'Nibong', 'Alue Ie Mirah'),
(773, 'Nibong', 'Maddi'),
(774, 'Nibong', 'Alue Ngom'),
(775, 'Nibong', 'Tanjong Putoh'),
(776, 'Nibong', 'Bumban'),
(777, 'Nibong', 'Alue Panah'),
(778, 'Simpang Kramat', 'Keude Simpang Empat'),
(779, 'Simpang Kramat', 'Seuneubok Punti'),
(780, 'Simpang Kramat', 'Paya Leupah'),
(781, 'Simpang Kramat', 'Paya Teungoh'),
(782, 'Simpang Kramat', 'Keubon Baro'),
(783, 'Simpang Kramat', 'Meunasah Teungoh'),
(784, 'Simpang Kramat', 'Meunasah Baroh'),
(785, 'Simpang Kramat', 'Mancang'),
(786, 'Simpang Kramat', 'Alue Bade'),
(787, 'Simpang Kramat', 'Meunasah Dayah SPK'),
(788, 'Simpang Kramat', 'Kilometer VI'),
(789, 'Simpang Kramat', 'Kilometer VIII'),
(790, 'Simpang Kramat', 'Ie Tarek I'),
(791, 'Simpang Kramat', 'Ie Tarek II'),
(792, 'Simpang Kramat', 'Pase Sentosa'),
(793, 'Simpang Kramat', 'Blang Raleue'),
(794, '1Lapang', 'Keureutou'),
(795, '1Lapang', 'Lueng Baro'),
(796, '1Lapang', 'Merbo Jurong'),
(797, '1Lapang', 'Merbo Lama'),
(798, '1Lapang', 'Tanjong Dama'),
(799, '1Lapang', 'Geulanggang Baro'),
(800, '1Lapang', 'Matang Tunong'),
(801, '1Lapang', 'Keude Lapang'),
(802, '1Lapang', 'Matang Baroh'),
(803, '1Lapang', 'Kuala Kereuto'),
(804, '1Lapang', 'Kuala Cangkoy'),
(805, 'Pirak Timur', 'Rayeuk Pange'),
(806, 'Pirak Timur', 'Bungong'),
(807, 'Pirak Timur', 'Geulumpang'),
(808, 'Pirak Timur', 'Asan Krueng Kreh'),
(809, 'Pirak Timur', 'Beuracan Rata'),
(810, 'Pirak Timur', 'Reungkam'),
(811, 'Pirak Timur', 'Trieng Krueng Kreh'),
(812, 'Pirak Timur', 'Keutapang'),
(813, 'Pirak Timur', 'Bili Baro'),
(814, 'Pirak Timur', 'Paya Lueng Jalo'),
(815, 'Pirak Timur', 'Alue Rimee'),
(816, 'Pirak Timur', 'Serdang'),
(817, 'Pirak Timur', 'Ara Ton-Ton Moncrang'),
(818, 'Pirak Timur', 'Tanjong Seureukuy'),
(819, 'Pirak Timur', 'Ulee Blang'),
(820, 'Pirak Timur', 'Krueng Pirak'),
(821, 'Pirak Timur', 'Matang Keh'),
(822, 'Pirak Timur', 'Leupe'),
(823, 'Pirak Timur', 'Ceumeucet'),
(824, 'Pirak Timur', 'Teupin U'),
(825, 'Pirak Timur', 'Alue Bungkoh'),
(826, 'Pirak Timur', 'Pucok Alue'),
(827, 'Pirak Timur', 'Meunye Tujoh'),
(828, 'Geuredong Pase', 'Lhok Asan'),
(829, 'Geuredong Pase', 'Darul Aman'),
(830, 'Geuredong Pase', 'Alue Awe'),
(831, 'Geuredong Pase', 'Darussalam'),
(832, 'Geuredong Pase', 'Rayeuk Jawa'),
(833, 'Geuredong Pase', 'Dayah Seupeng'),
(834, 'Geuredong Pase', 'Uram Jalan'),
(835, 'Geuredong Pase', 'Peudari'),
(836, 'Geuredong Pase', 'Krueng Mbang'),
(837, 'Geuredong Pase', 'Pulo Meuria'),
(838, 'Geuredong Pase', 'Suka Damai'),
(839, 'Banda Baro', 'Paya Dua'),
(840, 'Banda Baro', 'Cot Jabet'),
(841, 'Banda Baro', 'Ulee Nyeue'),
(842, 'Banda Baro', 'Paya Uleue'),
(843, 'Banda Baro', 'Jamuan'),
(844, 'Banda Baro', 'Alue Keurinyai'),
(845, 'Banda Baro', 'Sangkelan'),
(846, 'Banda Baro', 'Blang Pala'),
(847, 'Banda Baro', 'Paya Beunyet'),
(848, 'Nisam Antara', 'Alue Dua'),
(849, 'Nisam Antara', 'Seumirah'),
(850, 'Nisam Antara', 'Darussalam'),
(851, 'Nisam Antara', 'Alue Papeun'),
(852, 'Nisam Antara', 'Blang Jrat'),
(853, 'Nisam Antara', 'Blang Pohroh'),
(854, 'Muara Dua', 'Alue Awe'),
(855, 'Muara Dua', 'Blang Crum'),
(856, 'Muara Dua', 'Cut Mamplam'),
(857, 'Muara Dua', 'Meunasah  Mee'),
(858, 'Muara Dua', 'Cot Girek Kandang'),
(859, 'Muara Dua', 'Keude Cunda'),
(860, 'Muara Dua', 'Uteunkot'),
(861, 'Muara Dua', 'Lhok Mon Puteh'),
(862, 'Muara Dua', 'Meunasah  Mesjid'),
(863, 'Muara Dua', 'Mns. Panggoi'),
(864, 'Muara Dua', 'Paya Bili'),
(865, 'Muara Dua', 'Meunasah  Alue'),
(866, 'Muara Dua', 'Paya Punteuet'),
(867, 'Muara Dua', 'Blang Poroh'),
(868, 'Muara Dua', 'Meunasah Manyang'),
(869, 'Muara Dua', 'Meunasah Blang'),
(870, 'Muara Dua', 'Paloh Batee'),
(871, 'Banda Sakti', 'Kuta Blang'),
(872, 'Banda Sakti', 'Tumpok Teungoh'),
(873, 'Banda Sakti', 'Simpang Empat'),
(874, 'Banda Sakti', 'Kampung Jawa'),
(876, 'Banda Sakti', 'Mon Geudong'),
(877, 'Banda Sakti', 'Keude Aceh'),
(878, 'Banda Sakti', 'Pusong'),
(879, 'Banda Sakti', 'Hagu Teungoh'),
(880, 'Banda Sakti', 'Uteun Bayi'),
(881, 'Banda Sakti', 'Ujong Blang'),
(882, 'Banda Sakti', 'Hagu Selatan'),
(883, 'Banda Sakti', 'Pusong Baru'),
(884, 'Banda Sakti', 'Ulee Jalan'),
(885, 'Banda Sakti', 'Banda Masen'),
(886, 'Banda Sakti', 'Lancang Garam'),
(887, 'Banda Sakti', 'Jawa Baru'),
(888, 'Banda Sakti', 'Hagu Barat Laut'),
(889, 'Blang Mangat', 'Kuala'),
(890, 'Blang Mangat', 'Blang Cut'),
(891, 'Blang Mangat', 'Jambo Mesjid'),
(892, 'Blang Mangat', 'Jambo Timu'),
(893, 'Blang Mangat', 'Tunong'),
(894, 'Blang Mangat', 'Blang Teue'),
(895, 'Blang Mangat', 'Teungoh'),
(896, 'Blang Mangat', 'Baloi'),
(897, 'Blang Mangat', 'Mane Kareung'),
(898, 'Blang Mangat', 'Asan Kareung'),
(899, 'Blang Mangat', 'Rayeuk Kareung'),
(900, 'Blang Mangat', 'Blang Punteuet'),
(901, 'Blang Mangat', 'Kumbang Punteuet'),
(902, 'Blang Mangat', 'Mesjid Punteuet'),
(903, 'Blang Mangat', 'Ulee Blang Mane'),
(904, 'Blang Mangat', 'Keude Punteuet'),
(905, 'Blang Mangat', 'Alue Lim'),
(906, 'Blang Mangat', 'Blang Buloh'),
(907, 'Blang Mangat', 'Blang Weu Panjoe'),
(908, 'Blang Mangat', 'Jeulikat'),
(909, 'Blang Mangat', 'Blang Weu Baroh'),
(910, 'Blang Mangat', 'Seuneubok'),
(911, 'Muara Satu', 'Batuphat Barat'),
(912, 'Muara Satu', 'Blang Panyang'),
(913, 'Muara Satu', 'Meunasah  Dayah'),
(914, 'Muara Satu', 'Paloh Punti'),
(915, 'Muara Satu', 'Blang Pulo'),
(916, 'Muara Satu', 'Batuphat Timur'),
(917, 'Muara Satu', 'Blang Naleung Mameh'),
(918, 'Muara Satu', 'Cot Trieng'),
(919, 'Muara Satu', 'Padang Sakti'),
(920, 'Muara Satu', 'Meuria Paloh'),
(921, 'Muara Satu', 'Ujong Pacu');

-- --------------------------------------------------------

--
-- Table structure for table `migrations`
--

CREATE TABLE `migrations` (
  `id` int(10) UNSIGNED NOT NULL,
  `migration` varchar(255) COLLATE utf8mb4_unicode_ci NOT NULL,
  `batch` int(11) NOT NULL
) ENGINE=InnoDB DEFAULT CHARSET=utf8mb4 COLLATE=utf8mb4_unicode_ci;

--
-- Dumping data for table `migrations`
--

INSERT INTO `migrations` (`id`, `migration`, `batch`) VALUES
(1, '2014_10_12_000000_create_users_table', 1),
(2, '2014_10_12_100000_create_password_resets_table', 1),
(3, '2020_02_19_150847_create_penjuals_table', 1),
(4, '2020_02_20_050545_create_table_tanah', 1),
(5, '2020_02_20_073206_create_foto_tanahs_table', 1),
(6, '2020_02_24_050121_create_tanah_overlays_table', 1);

-- --------------------------------------------------------

--
-- Table structure for table `password_resets`
--

CREATE TABLE `password_resets` (
  `email` varchar(255) COLLATE utf8mb4_unicode_ci NOT NULL,
  `token` varchar(255) COLLATE utf8mb4_unicode_ci NOT NULL,
  `created_at` timestamp NULL DEFAULT NULL
) ENGINE=InnoDB DEFAULT CHARSET=utf8mb4 COLLATE=utf8mb4_unicode_ci;

-- --------------------------------------------------------

--
-- Table structure for table `penjual`
--

CREATE TABLE `penjual` (
  `id` bigint(20) UNSIGNED NOT NULL,
  `kota` varchar(255) COLLATE utf8mb4_unicode_ci NOT NULL,
  `kecamatan` varchar(255) COLLATE utf8mb4_unicode_ci NOT NULL,
  `alamat` varchar(255) COLLATE utf8mb4_unicode_ci NOT NULL,
  `no_telp` varchar(255) COLLATE utf8mb4_unicode_ci NOT NULL,
  `ktp` varchar(255) COLLATE utf8mb4_unicode_ci NOT NULL,
  `foto_ktp` varchar(255) COLLATE utf8mb4_unicode_ci NOT NULL,
  `user_id` bigint(20) UNSIGNED NOT NULL,
  `created_at` timestamp NULL DEFAULT NULL,
  `updated_at` timestamp NULL DEFAULT NULL
) ENGINE=InnoDB DEFAULT CHARSET=utf8mb4 COLLATE=utf8mb4_unicode_ci;

--
-- Dumping data for table `penjual`
--

INSERT INTO `penjual` (`id`, `kota`, `kecamatan`, `alamat`, `no_telp`, `ktp`, `foto_ktp`, `user_id`, `created_at`, `updated_at`) VALUES
(1, 'Lhokseumawe', ' Banda Sakti', 'Jalan panglateh Sumurbor no 24', '+6282280882906', '1112233445566', '814674IMG_0534-min.jpeg', 2, '2020-02-23 22:11:49', '2020-02-23 22:11:49'),
(2, 'Lhokseumawe', ' Banda Sakti', 'jalan panglateh sumurbor no 24', '+6282280882906', '00991823123', '180734erd.png', 3, '2020-06-20 06:54:56', '2020-06-20 06:54:56'),
(3, 'Lhokseumawe', ' Banda Sakti', 'jalan panglateh sumurbor no 24', '8477913129', '918231231', '492256erd.png', 4, '2020-06-20 06:56:14', '2020-06-20 06:56:14'),
(4, 'Lhokseumawe', ' Banda Sakti', 'jalan panglateh sumurbor no 24', '085364605541', '1111', '49038736ab0b2-1456-4ac5-b1cd-4cd1a5ce312d.jpeg', 6, '2020-06-20 10:52:07', '2020-06-20 10:52:07'),
(5, 'Lhokseumawe', ' Banda Sakti', 'jalan panglateh sumurbor no 24', '085364605541', '11122334455661', '8991396fb6d037-0e5a-4f45-a01c-282ae5da706b.jpeg', 7, '2020-06-20 10:53:17', '2020-06-20 10:53:17'),
(6, 'Lhokseumawe', ' Banda Sakti', 'jalan panglateh sumurbor no 24', '085364605541', '1111', '817059pngtree-vector-back-icon-png-image_931209.jpg', 8, '2020-06-20 10:54:58', '2020-06-20 10:54:58'),
(7, 'Aceh Utara', ' Syamtalira Bayu', 'jalan medan banda aceh', '081396507900', '12324444444', '506175image (1).png', 9, '2020-06-24 01:36:42', '2020-06-24 01:36:42'),
(8, 'Aceh Utara', ' Syamtalira Bayu', 'Trieng meudurou', '085270024153', '1108111104620001', '278923ismail.png', 10, '2020-07-09 21:42:35', '2020-07-09 21:42:35'),
(9, 'Aceh Utara', ' Dewantara', 'Dusun Cot Kuthang', '0813-6571-0201', '1108022103710003', '629908tanah 1-3.jfif', 11, '2020-07-13 13:22:16', '2020-07-13 13:22:16'),
(10, 'Aceh Utara', ' Dewantara', 'dusun uteun kubu barat', '081267986600', '1108023101810001', '751657fzl.png', 12, '2020-07-26 01:28:55', '2020-07-26 01:28:55'),
(11, 'Aceh Utara', ' Syamtalira Bayu', 'menasah blang', '082234768890', '1171031504880001', '6169864.jpg', 13, '2020-07-30 03:17:57', '2020-07-30 03:17:57'),
(12, 'Lhokseumawe', ' Banda Sakti', 'Mon Geudong, Banda Sakti, Kota Lhokseumawe, Aceh', '081367974567', '1105035010910001', '25841mon geudong.png', 14, '2020-07-30 05:08:45', '2020-07-30 05:08:45'),
(13, 'Aceh Utara', ' Seunuddon (Seunudon)', 'alue baroh', '081378936511', '1108091505830001', '248002iain.png', 15, '2020-07-30 05:51:58', '2020-07-30 05:51:58'),
(14, 'Aceh Utara', ' Syamtalira Bayu', 'Trieng meudurou', '0823789455', '11031601080066', '290871idris.png', 16, '2020-07-31 00:36:56', '2020-07-31 00:36:56'),
(15, 'Aceh Utara', ' Syamtalira Bayu', 'Garot, Syamtalira Bayu, Kabupaten Aceh Utara, Aceh 24374', '081396508867', '1802061907860001', '490117rusmayadi.png', 17, '2020-07-31 00:55:33', '2020-07-31 00:55:33'),
(16, 'Aceh Utara', ' Syamtalira Bayu', 'menasah bie', '081378937798', '1112010402610002', '839014darmi.png', 18, '2020-07-31 01:16:33', '2020-07-31 01:16:33'),
(17, 'Lhokseumawe', ' Banda Sakti', 'simpang  4', '082276556788', '1115080605920003', '507932riantoni.png', 19, '2020-07-31 03:10:09', '2020-07-31 03:10:09'),
(18, 'Lhokseumawe', ' Banda Sakti', 'jalan maharaja', '0822778545', '1172024111820001', '685150masniati.png', 20, '2020-07-31 03:32:59', '2020-07-31 03:32:59'),
(19, 'Lhokseumawe', ' Blang Mangat', 'jalan tengku wahab', '08167944455', '1103011008830001', '158072zulok.png', 21, '2020-07-31 04:07:25', '2020-07-31 04:07:25'),
(20, 'Lhokseumawe', ' Muara Dua', 'Jl. Putri Ijo', '08137898877', '1107045010600002', '278606aman.png', 22, '2020-07-31 04:32:39', '2020-07-31 04:32:39'),
(21, 'Aceh Utara', ' Lapang', 'dusun tgk syik mbang', '0813967899', '1108230107800002', '343113hasan.png', 23, '2020-08-01 01:30:05', '2020-08-01 01:30:05'),
(22, 'Lhokseumawe', ' Banda Sakti', 'banda sakti', '085377987788', '1101010107300025', '263853jahiddin.png', 24, '2020-08-01 01:56:03', '2020-08-01 01:56:03'),
(23, 'Lhokseumawe', ' Banda Sakti', 'Jalan Darussalam, Hagu Barat Laut', '08227756000', '1173022301870005', '812383rossi.png', 25, '2020-08-01 02:48:57', '2020-08-01 02:48:57'),
(24, 'Lhokseumawe', ' Banda Sakti', 'uten bayi', '081267984587', '1173020809720004', '127488samad.png', 26, '2020-08-01 03:17:49', '2020-08-01 03:17:49');

-- --------------------------------------------------------

--
-- Table structure for table `tanah`
--

CREATE TABLE `tanah` (
  `id` bigint(20) UNSIGNED NOT NULL,
  `title` varchar(255) COLLATE utf8mb4_unicode_ci NOT NULL,
  `kota` varchar(255) COLLATE utf8mb4_unicode_ci NOT NULL,
  `kecamatan` varchar(255) COLLATE utf8mb4_unicode_ci NOT NULL,
  `kampung` varchar(100) COLLATE utf8mb4_unicode_ci NOT NULL,
  `alamat` varchar(255) COLLATE utf8mb4_unicode_ci NOT NULL,
  `description` text COLLATE utf8mb4_unicode_ci DEFAULT NULL,
  `harga` varchar(255) COLLATE utf8mb4_unicode_ci NOT NULL,
  `luas` varchar(255) COLLATE utf8mb4_unicode_ci NOT NULL,
  `jenis` enum('jual','sewa') COLLATE utf8mb4_unicode_ci NOT NULL,
  `sertifikat` enum('HGB','SHM','Lainnya','') COLLATE utf8mb4_unicode_ci NOT NULL,
  `status` enum('approved','pending','banned','sold') COLLATE utf8mb4_unicode_ci NOT NULL DEFAULT 'pending',
  `message` text COLLATE utf8mb4_unicode_ci DEFAULT NULL,
  `slug` varchar(255) COLLATE utf8mb4_unicode_ci NOT NULL,
  `lat` varchar(255) COLLATE utf8mb4_unicode_ci NOT NULL,
  `lng` varchar(255) COLLATE utf8mb4_unicode_ci NOT NULL,
  `penjual_id` bigint(20) UNSIGNED NOT NULL,
  `created_at` timestamp NULL DEFAULT NULL,
  `updated_at` timestamp NULL DEFAULT NULL
) ENGINE=InnoDB DEFAULT CHARSET=utf8mb4 COLLATE=utf8mb4_unicode_ci;

--
-- Dumping data for table `tanah`
--

INSERT INTO `tanah` (`id`, `title`, `kota`, `kecamatan`, `kampung`, `alamat`, `description`, `harga`, `luas`, `jenis`, `sertifikat`, `status`, `message`, `slug`, `lat`, `lng`, `penjual_id`, `created_at`, `updated_at`) VALUES
(35, 'Tanah Strategis Daerah Rekreasi Pantai Lhokseumawe', 'Lhokseumawe', 'Banda Sakti', '', 'Jalan Darussalam, Hagu Barat Laut', 'Tanah Luas 1554 meter persegi.\r\n\r\n-Harga 1 juta/m\r\n\r\n-Lokasi Sangat Strategis, (Bersebrangan langsung dengan Kawasan Wisata Pantai Ujong Blang Kota Lhokseumawe)\r\n\r\n-Sangat Cocok untuk Usaha (Kawasan Wisata)\r\n\r\n--Dicari juga Pengembang/Developer Ruko atau Rumah (Bisa Kerjasama/Bagi lahan dengan pemilik Tanah)\r\n\r\n--Harga Nego', '1500000000', '1554', 'jual', 'HGB', 'approved', NULL, 'tanah-strategis-daerah-rekreasi-pantai-lhokseumawe', '5.202478', '97.1364926', 8, '2020-07-09 21:54:32', '2020-07-09 21:56:23'),
(36, 'Tanah pembangunan', 'Lhokseumawe', 'Muara Dua', '', 'pln', 'Dijual Tanah seluas 26.402 M2 (SHM) Harga 1.1jt/m2(nego) \r\ndi pinggir Jalan 2 jalur jln. Medan-B.Aceh, depan Hotel Lido Graha, samping Kantor PLN,  letak sangat strategis di Tengah Kota Lhokseumawe, Cocok Untuk Hotel, Rumah Sakit,  Wahana Permainan, MALL, Ruko, Komplek Perumahan maupun Pergudangan.\r\nHub wa dan telp 0813-6571-0201', '29000000000', '26.402', 'jual', 'HGB', 'approved', NULL, 'tanah-pembangunan', '5.1692678', '97.1344788', 9, '2020-07-13 13:40:44', '2020-07-13 14:19:55'),
(45, 'tanah persawahan', 'Lhokseumawe', 'Muara Dua', '', 'SD Negeri 12 Muara Dua', 'Tanah milik kelurga.\r\nHarga 300 permeter.\r\nLuas +- 7000m. \r\nSertifikat Hak Milik. \r\nKhusus untuk yang serius\r\nHubungi 085276616243', '2100000000', '7000', 'jual', 'SHM', 'approved', NULL, 'tanah-persawahan', '5.1392621', '97.1453483', 10, '2020-07-26 01:53:18', '2020-07-26 01:55:44'),
(46, 'Tanah Perkebunan', 'Lhokseumawe', 'Blang Mangat', '', 'Bakso Tutu Layang', 'Cocok utk gudang,\r\nKomp.perumahan,\r\nPeternakan,\r\nPerkebunan,\r\nPembibitan tanaman', '1375000000', '25000', 'jual', 'HGB', 'approved', NULL, 'tanah-perkebunan', '5.1369229', '97.10025279999999', 8, '2020-07-29 02:35:29', '2020-07-29 02:42:11'),
(47, 'Di jual tanah cocok untuk perumahan', 'Lhokseumawe', 'Blang Mangat', '', 'warkop sp elak', 'ual tanah lapang pinggir jalan lintas kampus YIN(jalan elak)\r\nCocok untu di jadikan perumahan\r\nUkuran 30x80 (isi 2400m)\r\nPermeter 500 k', '120000000', '2400', 'jual', 'HGB', 'approved', NULL, 'di-jual-tanah-cocok-untuk-perumahan', '5.128981', '97.13182850000001', 9, '2020-07-29 03:09:13', '2020-07-29 03:14:05'),
(48, 'tanah pembangunann', 'Lhokseumawe', 'Muara Dua', '', 'Jl. Lhok Kumbang Paya Bili', 'lokasi tanah dekat dengan perumahan panggoi atas tepatnya di desa lhok kumbang dan dekat dengan perumahan btn baru', '134400000', '385', 'jual', 'HGB', 'approved', NULL, 'tanah-pembangunann', '5.182925099999999', '97.1104294', 11, '2020-07-30 03:39:21', '2020-07-30 03:51:08'),
(49, 'tanah membuat rumah mon geudong', 'Lhokseumawe', 'Banda Sakti', '', 'Mon Geudong, Banda Sakti, Kota Lhokseumawe, Aceh', 'Di jual sebidang tanah Posisi lhokseumawe,  mon\'geudong depan stadion tunas bangsa. 100 meter dari puskesmas, lengkap dengan surat dan sertifikat', '24600000', '200', 'jual', 'SHM', 'approved', NULL, 'tanah-membuat-rumah-mon-geudong', '5.1773245', '97.13728379999999', 12, '2020-07-30 05:15:40', '2020-07-30 05:18:16'),
(50, 'Di Jual Tanah  buket rata', 'Lhokseumawe', 'Muara Dua', '', 'Alue Awe, Muara Dua', 'Depan IAIN...\r\nSebelum stikes bukit rata...\r\nHarga 350rb/m...\r\nHarga bisa nego.', '245000000', '700', 'jual', 'HGB', 'approved', NULL, 'di-jual-tanah-buket-rata', '5.1318868', '97.1493998', 13, '2020-07-30 05:58:40', '2020-07-30 06:15:37'),
(52, 'jual tanah sawah trieng meuduroe', 'Aceh Utara', 'Syamtalira Bayu', '', 'Trieng Meudurou Syamtalira Bayu', 'Dijual Tanah Di trieng meuduro ,syamtalira bayu\r\n\r\nLuas : 1600 m2\r\n\r\nHarga : 125 juta\r\n\r\nSertifikat : SHM', '125000000', '1600', 'jual', 'SHM', 'approved', NULL, 'jual-tanah-sawah-trieng-meuduroe', '5.0965003', '97.19114959999999', 14, '2020-07-31 00:46:18', '2020-07-31 00:48:02'),
(53, 'jual tanah persawahan di garot', 'Aceh Utara', 'Syamtalira Bayu', '', 'Garot, Syamtalira Bayu', 'dijual tanah untuk persawahan digarot\r\n\r\nsetifikat : SHM', '150000000', '1870', 'jual', 'HGB', 'approved', NULL, 'jual-tanah-persawahan-di-garot', '5.104288200000001', '97.1884553', 15, '2020-07-31 01:04:02', '2020-07-31 01:11:23'),
(54, 'dijual tanah persawahan di desa kulam gajah', 'Aceh Utara', 'Syamtalira Bayu', '', 'Baro Kulam Gajah Syamtalira Bayu', 'dijual tanah persawahan di  gampong Baro Kulam Gajah Syamtalira Bayu\r\nsertifikat : SHM\r\nluas : 1500m2', '250000000', '1500', 'jual', 'SHM', 'approved', NULL, 'dijual-tanah-persawahan-di-desa-kulam-gajah', '5.112595700000001', '97.1972123', 16, '2020-07-31 01:28:25', '2020-07-31 01:30:06'),
(55, 'Jual tanah kosong cocok untuk ruko', 'Lhokseumawe', 'Banda Sakti', '', 'Hotel Singapore,kuta blang', 'Depan Singapore hotrl kuta blang dan tanah kebun', '8000000', '100', 'jual', 'HGB', 'approved', NULL, 'jual-tanah-kosong-cocok-untuk-ruko', '5.1798715', '97.13315449999999', 17, '2020-07-31 03:19:53', '2020-07-31 03:25:30'),
(57, 'jual tanah kosong kuta blang', 'Lhokseumawe', 'Banda Sakti', '', 'Jl. Maharaja Banda Sakti', 'D jual Tanah kosong cck untuk ruko mnat call aja sudah sertifikat SHM, . Mnat call aja gaess', '302000000', '604', 'jual', 'HGB', 'approved', NULL, 'jual-tanah-kosong-kuta-blang', '5.1816393', '97.1353362', 18, '2020-07-31 03:43:47', '2020-07-31 03:47:59'),
(58, 'DIJUAL KAVLING TANAH BERSERTIPIKAT INDUK', 'Lhokseumawe', 'Muara Dua', '', 'Jl. Tgk. Wahab Dahlawi Paya Punteut', 'Alamat :\r\n\r\nJl. Tgk. Wahab Dahlawi, Paya Peuntut - Lhokseumawe.\r\n\r\nCatatan :\r\n\r\n1. Bisa beli per kavling,\r\n\r\n2. Bisa beli seluruhnya,\r\n\r\n3. DP 10% Tanda Jadi,\r\n\r\n4. Akta Jual-Beli & Balik nama ditanggung pembeli,\r\n\r\n5. Biaya pemisahan sertipikat di BPN ditanggung penjual,\r\n\r\n6. Harga tidak nego,\r\n\r\n7. Tanpa perantara,\r\n\r\n8. Tanpa Drama,\r\n\r\n9. Hubungi nomor yang sudah tertera.', '400000000', '1034', 'jual', 'HGB', 'approved', NULL, 'dijual-kavling-tanah-bersertipikat-induk', '5.1740792', '97.1180023', 19, '2020-07-31 04:14:00', '2020-07-31 04:18:11'),
(59, 'Dijual Tanah di Komplek Panggoi Asri', 'Lhokseumawe', 'Muara Dua', '', 'Jl. Putri Ijo Panggoi', 'Ukuran 20x19 m ditambah 11x16 m.\r\n\r\nLokasi di Komplek Panggoi Asri\r\n\r\nKecamatan Muara Dua\r\n\r\nKota Lhokseumawe', '361400000', '556', 'jual', 'SHM', 'approved', NULL, 'dijual-tanah-di-komplek-panggoi-asri', '5.1904731', '97.1148279', 20, '2020-07-31 04:38:45', '2020-07-31 04:40:32'),
(60, 'Tanah untuk bangun Rumah dan investasi', 'Lhokseumawe', 'Banda Sakti', '', 'Jl. Iskandar Muda', 'Assalamualaikum, saya mau jual Tanah Jalan Iskandar Muda Lorong Melati Kp. Jawa Lama Kota Lhokseumawe dekat mesjid Syuhada kampung jawa kec banda Sakti', '500800000', '313', 'jual', 'HGB', 'approved', NULL, 'tanah-untuk-bangun-rumah-dan-investasi', '5.1787993', '97.1514438', 21, '2020-08-01 01:37:24', '2020-08-01 01:43:49'),
(61, 'Tanah Strategis di Aceh Utara', 'Aceh Utara', 'Muara Batu', '', 'smp negeri 3 muara batu', 'Dijual tanah 2.725 m2, panjang 75,7 m & lebar 36 m. Lokasi terbaik untuk bisnis SPBU, pabrik, gudang & perumahan. Hemat biaya timbun, permukaan tanah rata dengan jalan. Lokasi di jalan raya Medan - Banda Aceh di Dakuta, Kec. Muara Batu, Kab. Aceh Utara. Berjarak 3,5 km ke Krueng Mane, 3,5 km ke Bandara Malikussaleh, 25 km ke Lhokseumawe & 30 km ke Bireun. Ini lokasi terbaik untuk investasi & bisnis Anda.\r\n\r\nHarga Rp. 1.100.000/m (nego), peminat serius telepon segera!', '2997500000', '2725', 'jual', 'SHM', 'approved', NULL, 'tanah-strategis-di-aceh-utara', '5.2547029', '96.9431225', 22, '2020-08-01 02:09:23', '2020-08-01 02:12:38'),
(62, 'Di jual tanah ruko Lhoksukon', 'Aceh Utara', 'Lhoksukon', '', 'samsat aceh utara', 'Lokasi tanah di depan kantor samsat lhoksukon... Ukuran tanah 20*30 m hp08137063842', '180000000', '600', 'jual', 'SHM', 'approved', NULL, 'di-jual-tanah-ruko-lhoksukon', '5.0573523', '97.3143018', 23, '2020-08-01 02:57:39', '2020-08-01 02:59:03'),
(63, 'tanah sawah di cot plieng', 'Aceh Utara', 'Syamtalira Bayu', '', 'cot plieng', 'Jual Tanah sawah seluas 787 meter\r\nKondisi Tanah bagus dekat dengan jalan akses\r\nLokasi Tanah di Kecamatansyamtalira bayu, aceh utara', '236000000', '787', 'jual', 'HGB', 'approved', NULL, 'tanah-sawah-di-cot-plieng', '5.0991041', '97.1831527', 24, '2020-08-01 03:25:33', '2020-08-01 03:34:19'),
(67, 'asdasd', 'Lhokseumawe', 'Banda Sakti', 'Simpang Empat', 'jalan panglateh sumurbor no 24', '12312312312', '123123', '123123', 'jual', 'HGB', 'approved', NULL, 'asdasd-113', '5.1777992', '97.14400030000002', 1, '2020-08-27 09:13:35', '2020-08-27 09:13:35');

-- --------------------------------------------------------

--
-- Table structure for table `tanah_overlays`
--

CREATE TABLE `tanah_overlays` (
  `id` bigint(20) UNSIGNED NOT NULL,
  `tanah_id` bigint(20) UNSIGNED NOT NULL,
  `lat` varchar(255) COLLATE utf8mb4_unicode_ci NOT NULL,
  `lng` varchar(255) COLLATE utf8mb4_unicode_ci NOT NULL,
  `created_at` timestamp NULL DEFAULT NULL,
  `updated_at` timestamp NULL DEFAULT NULL
) ENGINE=InnoDB DEFAULT CHARSET=utf8mb4 COLLATE=utf8mb4_unicode_ci;

--
-- Dumping data for table `tanah_overlays`
--

INSERT INTO `tanah_overlays` (`id`, `tanah_id`, `lat`, `lng`, `created_at`, `updated_at`) VALUES
(121, 35, '5.203498382138159', ' 97.13411348060376', '2020-07-09 21:55:36', '2020-07-09 21:55:36'),
(122, 35, '5.20339687822995', ' 97.1343548794151', '2020-07-09 21:55:36', '2020-07-09 21:55:36'),
(123, 35, '5.20306565483662', ' 97.13420467571027', '2020-07-09 21:55:36', '2020-07-09 21:55:36'),
(124, 35, '5.203220581929402', ' 97.13382380203015', '2020-07-09 21:55:36', '2020-07-09 21:55:36'),
(125, 35, '5.203348797425606', ' 97.13387744621045', '2020-07-09 21:55:36', '2020-07-09 21:55:36'),
(126, 35, '5.203295374305368', ' 97.13401155666119', '2020-07-09 21:55:36', '2020-07-09 21:55:36'),
(152, 36, '5.169492189170217', ' 97.13558118790513', '2020-07-13 14:19:25', '2020-07-13 14:19:25'),
(153, 36, '5.170069189528544', ' 97.13664870709306', '2020-07-13 14:19:25', '2020-07-13 14:19:25'),
(154, 36, '5.169775346819168', ' 97.13686328381425', '2020-07-13 14:19:25', '2020-07-13 14:19:25'),
(155, 36, '5.169732606050081', ' 97.13681500405198', '2020-07-13 14:19:25', '2020-07-13 14:19:25'),
(156, 36, '5.169476161374981', ' 97.13700275868302', '2020-07-13 14:19:25', '2020-07-13 14:19:25'),
(157, 36, '5.169267800000045', ' 97.13670235127336', '2020-07-13 14:19:25', '2020-07-13 14:19:25'),
(158, 36, '5.169038068148139', ' 97.13680427521592', '2020-07-13 14:19:25', '2020-07-13 14:19:25'),
(159, 36, '5.168332844268423', ' 97.13612299412614', '2020-07-13 14:19:26', '2020-07-13 14:19:26'),
(160, 36, '5.168322159052087', ' 97.13587623089677', '2020-07-13 14:19:26', '2020-07-13 14:19:26'),
(161, 36, '5.168039000753463', ' 97.13520031422502', '2020-07-13 14:19:26', '2020-07-13 14:19:26'),
(162, 36, '5.168899160476343', ' 97.13493209332353', '2020-07-13 14:19:26', '2020-07-13 14:19:26'),
(163, 36, '5.16928917040058', ' 97.13566701859361', '2020-07-13 14:19:26', '2020-07-13 14:19:26'),
(180, 45, '5.138841819159373', ' 97.14524905826646', '2020-07-26 01:55:06', '2020-07-26 01:55:06'),
(181, 45, '5.138654819166827', ' 97.1455816521843', '2020-07-26 01:55:06', '2020-07-26 01:55:06'),
(182, 45, '5.13845179054135', ' 97.14543144847947', '2020-07-26 01:55:06', '2020-07-26 01:55:06'),
(183, 45, '5.137949561558243', ' 97.14516322757798', '2020-07-26 01:55:06', '2020-07-26 01:55:06'),
(184, 45, '5.136987845379545', ' 97.14456777717668', '2020-07-26 01:55:06', '2020-07-26 01:55:06'),
(185, 45, '5.13711607428723', ' 97.1443746581276', '2020-07-26 01:55:06', '2020-07-26 01:55:06'),
(196, 46, '5.136431355564839', ' 97.1001079607132', '2020-07-29 02:41:23', '2020-07-29 02:41:23'),
(197, 46, '5.136100097144709', ' 97.10058002949982', '2020-07-29 02:41:24', '2020-07-29 02:41:24'),
(198, 46, '5.135726095495741', ' 97.10094480992585', '2020-07-29 02:41:24', '2020-07-29 02:41:24'),
(199, 46, '5.134646832364326', ' 97.10009723187714', '2020-07-29 02:41:24', '2020-07-29 02:41:24'),
(200, 46, '5.134529288744653', ' 97.10012941838532', '2020-07-29 02:41:24', '2020-07-29 02:41:24'),
(201, 46, '5.134198029336235', ' 97.09990411282807', '2020-07-29 02:41:24', '2020-07-29 02:41:24'),
(202, 46, '5.134657518146864', ' 97.09923892499238', '2020-07-29 02:41:24', '2020-07-29 02:41:24'),
(203, 46, '5.135202492818572', ' 97.09946423054963', '2020-07-29 02:41:24', '2020-07-29 02:41:24'),
(204, 47, '5.128922227670946', ' 97.13251916882133', '2020-07-29 03:13:29', '2020-07-29 03:13:29'),
(205, 47, '5.128414648240134', ' 97.13241992708778', '2020-07-29 03:13:29', '2020-07-29 03:13:29'),
(206, 47, '5.128369233218778', ' 97.13276056763267', '2020-07-29 03:13:29', '2020-07-29 03:13:29'),
(207, 47, '5.128866126806316', ' 97.13287858482933', '2020-07-29 03:13:29', '2020-07-29 03:13:29'),
(216, 48, '5.185336941941994', ' 97.11271732428972', '2020-07-30 03:50:38', '2020-07-30 03:50:38'),
(217, 48, '5.1855506404847915', ' 97.11261003592912', '2020-07-30 03:50:38', '2020-07-30 03:50:38'),
(218, 48, '5.18564680480545', ' 97.11291044333879', '2020-07-30 03:50:38', '2020-07-30 03:50:38'),
(219, 48, '5.18544913368598', ' 97.11299627402727', '2020-07-30 03:50:38', '2020-07-30 03:50:38'),
(220, 49, '5.175316101975146', ' 97.1380332490894', '2020-07-30 05:17:30', '2020-07-30 05:17:30'),
(221, 49, '5.175452336964708', ' 97.13815126628606', '2020-07-30 05:17:30', '2020-07-30 05:17:30'),
(222, 49, '5.17539089765932', ' 97.13819954604833', '2020-07-30 05:17:30', '2020-07-30 05:17:30'),
(223, 49, '5.17527069030542', ' 97.13807348222463', '2020-07-30 05:17:30', '2020-07-30 05:17:30'),
(232, 50, '5.13161003226051', ' 97.15520007699467', '2020-07-30 06:15:09', '2020-07-30 06:15:09'),
(233, 50, '5.1313722724208235', ' 97.1552939543102', '2020-07-30 06:15:09', '2020-07-30 06:15:09'),
(234, 50, '5.131444401819748', ' 97.15543342917897', '2020-07-30 06:15:09', '2020-07-30 06:15:09'),
(235, 50, '5.1316607899675954', ' 97.15533955186345', '2020-07-30 06:15:09', '2020-07-30 06:15:09'),
(236, 52, '5.094411588089179', ' 97.18772455164468', '2020-07-31 00:47:11', '2020-07-31 00:47:11'),
(237, 52, '5.094478378424901', ' 97.18809201427972', '2020-07-31 00:47:11', '2020-07-31 00:47:11'),
(238, 52, '5.094099009225709', ' 97.18815906950509', '2020-07-31 00:47:11', '2020-07-31 00:47:11'),
(239, 52, '5.0940268756202585', ' 97.18779697128808', '2020-07-31 00:47:11', '2020-07-31 00:47:11'),
(244, 53, '5.100531093191043', ' 97.18618829412064', '2020-07-31 01:10:42', '2020-07-31 01:10:42'),
(245, 53, '5.100341410406881', ' 97.18590129775605', '2020-07-31 01:10:42', '2020-07-31 01:10:42'),
(246, 53, '5.1000956241806445', ' 97.18606223029694', '2020-07-31 01:10:42', '2020-07-31 01:10:42'),
(247, 53, '5.100263934323991', ' 97.18637068433365', '2020-07-31 01:10:42', '2020-07-31 01:10:42'),
(248, 53, '5.100357439940099', ' 97.18633045119843', '2020-07-31 01:10:42', '2020-07-31 01:10:42'),
(249, 54, '5.111167843346117', ' 97.1961719369172', '2020-07-31 01:29:37', '2020-07-31 01:29:37'),
(250, 54, '5.111274705089203', ' 97.19584202520836', '2020-07-31 01:29:37', '2020-07-31 01:29:37'),
(251, 54, '5.111630020256732', ' 97.19592785589684', '2020-07-31 01:29:37', '2020-07-31 01:29:37'),
(252, 54, '5.1115472024533455', ' 97.19623362772454', '2020-07-31 01:29:37', '2020-07-31 01:29:37'),
(253, 54, '5.111143799451455', ' 97.19617998354424', '2020-07-31 01:29:37', '2020-07-31 01:29:37'),
(258, 55, '5.1802871741973755', ' 97.13391972469772', '2020-07-31 03:24:59', '2020-07-31 03:24:59'),
(259, 55, '5.180321900493112', ' 97.13395727562393', '2020-07-31 03:24:59', '2020-07-31 03:24:59'),
(260, 55, '5.180201694076661', ' 97.13405651735748', '2020-07-31 03:24:59', '2020-07-31 03:24:59'),
(261, 55, '5.18016429652022', ' 97.13402701305831', '2020-07-31 03:24:59', '2020-07-31 03:24:59'),
(266, 57, '5.181238266795415', ' 97.13476086616627', '2020-07-31 03:47:35', '2020-07-31 03:47:35'),
(267, 57, '5.181406555496008', ' 97.13462943792454', '2020-07-31 03:47:35', '2020-07-31 03:47:35'),
(268, 57, '5.181534775428244', ' 97.13482523918263', '2020-07-31 03:47:35', '2020-07-31 03:47:35'),
(269, 57, '5.181366486761823', ' 97.13495130300633', '2020-07-31 03:47:35', '2020-07-31 03:47:35'),
(274, 58, '5.174784417478304', ' 97.11771128032186', '2020-07-31 04:17:47', '2020-07-31 04:17:47'),
(275, 58, '5.174768389817072', ' 97.1179714545963', '2020-07-31 04:17:47', '2020-07-31 04:17:47'),
(276, 58, '5.174461192898341', ' 97.11792853925206', '2020-07-31 04:17:47', '2020-07-31 04:17:47'),
(277, 58, '5.1744745492892', ' 97.11764154288747', '2020-07-31 04:17:47', '2020-07-31 04:17:47'),
(278, 59, '5.191314530744872', ' 97.11458978361603', '2020-07-31 04:40:07', '2020-07-31 04:40:07'),
(279, 59, '5.191253092982436', ' 97.11447444862839', '2020-07-31 04:40:07', '2020-07-31 04:40:07'),
(280, 59, '5.1914106941870735', ' 97.11440739340301', '2020-07-31 04:40:07', '2020-07-31 04:40:07'),
(281, 59, '5.1914400774581875', ' 97.11445567316528', '2020-07-31 04:40:08', '2020-07-31 04:40:08'),
(282, 59, '5.191485487965332', ' 97.11443689770218', '2020-07-31 04:40:08', '2020-07-31 04:40:08'),
(283, 59, '5.191517542439009', ' 97.11450395292755', '2020-07-31 04:40:08', '2020-07-31 04:40:08'),
(284, 60, '5.17853751647759', ' 97.15077592995529', '2020-08-01 01:43:26', '2020-08-01 01:43:26'),
(285, 60, '5.1794671146171405', ' 97.1510495152748', '2020-08-01 01:43:27', '2020-08-01 01:43:27'),
(286, 60, '5.179338894265376', ' 97.15148939755325', '2020-08-01 01:43:27', '2020-08-01 01:43:27'),
(287, 60, '5.17832915808637', ' 97.15116753247146', '2020-08-01 01:43:27', '2020-08-01 01:43:27'),
(288, 61, '5.253955037247152', ' 96.94419270139693', '2020-08-01 02:11:52', '2020-08-01 02:11:52'),
(289, 61, '5.2546334556393335', ' 96.94425170999526', '2020-08-01 02:11:52', '2020-08-01 02:11:52'),
(290, 61, '5.2545960625188375', ' 96.94457893949507', '2020-08-01 02:11:52', '2020-08-01 02:11:52'),
(291, 61, '5.253987088526395', ' 96.94451456647872', '2020-08-01 02:11:52', '2020-08-01 02:11:52'),
(292, 62, '5.057576728394208', ' 97.31348506735495', '2020-08-01 02:58:37', '2020-08-01 02:58:37'),
(293, 62, '5.057590087224743', ' 97.3137827925556', '2020-08-01 02:58:37', '2020-08-01 02:58:37'),
(294, 62, '5.0574324530068635', ' 97.3138364367359', '2020-08-01 02:58:37', '2020-08-01 02:58:37'),
(295, 62, '5.057421765939864', ' 97.31350384281805', '2020-08-01 02:58:37', '2020-08-01 02:58:37'),
(308, 63, '5.111755096581951', ' 97.18328104912283', '2020-08-01 03:33:53', '2020-08-01 03:33:53'),
(309, 63, '5.111813870488969', ' 97.18292431532385', '2020-08-01 03:33:53', '2020-08-01 03:33:53'),
(310, 63, '5.111541373238256', ' 97.18287603556158', '2020-08-01 03:33:54', '2020-08-01 03:33:54'),
(311, 63, '5.111477256221237', ' 97.18325154482366', '2020-08-01 03:33:54', '2020-08-01 03:33:54'),
(319, 67, '5.178110575504186', ' 97.14387290636773', '2020-08-27 09:13:43', '2020-08-27 09:13:43'),
(320, 67, '5.178051807720091', ' 97.14435570399041', '2020-08-27 09:13:44', '2020-08-27 09:13:44'),
(321, 67, '5.177629748019221', ' 97.14429133097406', '2020-08-27 09:13:44', '2020-08-27 09:13:44'),
(322, 67, '5.177656460666873', ' 97.14365832964654', '2020-08-27 09:13:44', '2020-08-27 09:13:44');

-- --------------------------------------------------------

--
-- Table structure for table `users`
--

CREATE TABLE `users` (
  `id` bigint(20) UNSIGNED NOT NULL,
  `name` varchar(255) COLLATE utf8mb4_unicode_ci NOT NULL,
  `email` varchar(255) COLLATE utf8mb4_unicode_ci NOT NULL,
  `email_verified_at` timestamp NULL DEFAULT NULL,
  `password` varchar(255) COLLATE utf8mb4_unicode_ci NOT NULL,
  `level` enum('admin','penjual') COLLATE utf8mb4_unicode_ci NOT NULL DEFAULT 'penjual',
  `status` enum('approved','pending','banned') COLLATE utf8mb4_unicode_ci NOT NULL DEFAULT 'pending',
  `message` text COLLATE utf8mb4_unicode_ci DEFAULT NULL,
  `remember_token` varchar(100) COLLATE utf8mb4_unicode_ci DEFAULT NULL,
  `created_at` timestamp NULL DEFAULT NULL,
  `updated_at` timestamp NULL DEFAULT NULL
) ENGINE=InnoDB DEFAULT CHARSET=utf8mb4 COLLATE=utf8mb4_unicode_ci;

--
-- Dumping data for table `users`
--

INSERT INTO `users` (`id`, `name`, `email`, `email_verified_at`, `password`, `level`, `status`, `message`, `remember_token`, `created_at`, `updated_at`) VALUES
(1, 'Admin1', 'admin@gmail.com', NULL, '$2y$10$0pmHxU2tsOwpxv1dDlj3QOHcklKtZdp1AMIFZYv0ItuYD3ODTh.2e', 'admin', 'approved', NULL, NULL, '2020-02-23 22:09:51', '2020-07-14 12:42:26'),
(2, 'Lutfi Haridha', 'Lutfiharidha1@gmail.com', NULL, '$2y$10$0g1gZzQdii9wywRGV7a2XeYBbR9R4o4R6g8I6nNAcFnAmWEr2xtja', 'penjual', 'approved', NULL, NULL, '2020-02-23 22:11:49', '2020-02-23 22:11:49'),
(3, 'Muhammad Iqbal', 'jualanpj@gmail.com', NULL, '$2y$10$bIQjQ9lfC/kGp03a1jAqE.n6jAQawZpQS3XBV32441SNxbLGQMvqW', 'penjual', 'approved', NULL, NULL, '2020-06-20 06:54:56', '2020-06-20 06:55:37'),
(4, 'James d tybor1', 'panda1337@yahoo.com', NULL, '$2y$10$rlj5s0J5ie8NUQGOIQkAauuNAtfwC.DUBbxVHfMYt0ReD0jQtlX9e', 'penjual', 'approved', NULL, NULL, '2020-06-20 06:56:14', '2020-06-20 09:27:45'),
(5, 'Yanis', 'yanis@gmail.com', NULL, '$2y$10$5uK/N0DWWbR2RuVsg4dH/uBKKj4I.Vs9upOvmkpf6gP0rfB5/0jJu', 'admin', 'pending', NULL, NULL, '2020-06-20 09:05:04', '2020-06-20 09:05:04'),
(6, 'Lutfi Haridha', '11@gmail.com', NULL, '$2y$10$l9ONwCsLdgklmiPliyCnBOmNuDOrSGAhRISEABqZhopeX.PNiKVia', 'penjual', 'approved', NULL, NULL, '2020-06-20 10:52:07', '2020-06-25 02:44:45'),
(7, 'Lutfi Haridha', '1@gmail.com', NULL, '$2y$10$hR4Hq.egXMdsFDq1xrBB1O9.iDxeumlOx5LxC5Tj8XemuqMt.tWbi', 'penjual', 'pending', NULL, NULL, '2020-06-20 10:53:17', '2020-06-20 10:53:17'),
(8, 'Lutfi Haridha', '111@l.com', NULL, '$2y$10$uVdcg3PS95r8tSnpvCYDpeW8kDLK.ewoa8LlBwdXhnQFitQDO6FHK', 'penjual', 'pending', NULL, NULL, '2020-06-20 10:54:58', '2020-06-20 10:54:58'),
(9, 'muhammad fadil', 'muhammadyanisraffa@gmail.com', NULL, '$2y$10$ciqLsKe8h2N3GVnydCZuX.7AUuArn11F/aNA1EZcItmgzRMEFFe9W', 'penjual', 'approved', NULL, NULL, '2020-06-24 01:36:41', '2020-06-24 01:41:40'),
(10, 'Ismail', 'ismail1782@gmail.com', NULL, '$2y$10$iEA24Zpgnk9by2ovZyzLPOOYPMMYdf.5ZHvbx1gU7uaG4HEiBK4jG', 'penjual', 'approved', NULL, NULL, '2020-07-09 21:42:35', '2020-07-09 21:44:34'),
(11, 'Muzakkir', 'muzakkir0105@gmail.com', NULL, '$2y$10$1UrfRVMKRfL6agvNJWgjb.NOYKEGaMNASo3RB1ds8EcDH1Y8mCYIO', 'penjual', 'approved', NULL, NULL, '2020-07-13 13:22:15', '2020-07-13 13:24:09'),
(12, 'muhammad fazil', 'fazil09@gmail.com', NULL, '$2y$10$28kbkFjy5LJ30yLJ28w4N.dsfR89XcOJ5rU3jgsFSfPmWQWWBkIYS', 'penjual', 'approved', NULL, NULL, '2020-07-26 01:28:54', '2020-07-26 01:30:35'),
(13, 'hendra', 'hendra0153@gmail.com', NULL, '$2y$10$R6Rwifxy/lIJcdKBFOAYIuQPGVd/g84QA0jXm9y/CJJpJR4rcjCiW', 'penjual', 'approved', NULL, NULL, '2020-07-30 03:17:57', '2020-07-30 03:25:36'),
(14, 'armida', 'armida@gmail.com', NULL, '$2y$10$BYoy01yxUqPDBqTMMclq9ef82YVVoKZ5Hkgsr2OlNPsK.TZvH7vKK', 'penjual', 'approved', NULL, NULL, '2020-07-30 05:08:44', '2020-07-30 05:09:28'),
(15, 'karimuddin', 'karimuddin@gmail.com', NULL, '$2y$10$DpaUtBscwjFgDg7a1SOdquYJfGPT/Rpu9WoAtXJWyofdiyfGVZAuy', 'penjual', 'approved', NULL, NULL, '2020-07-30 05:51:58', '2020-07-30 05:52:53'),
(16, 'saiful idris', 'idris@gmail.com', NULL, '$2y$10$SHoCLPRGzd9.ZratJxjTX.g5Py6QFrwbf3AI.Ugz83QwVTeAZfuzm', 'penjual', 'approved', NULL, NULL, '2020-07-31 00:36:55', '2020-07-31 00:38:11'),
(17, 'rusmayadi', 'rusmayadi@gmail.com', NULL, '$2y$10$nv4AySH9dGcfE/FlCctlB./6VrKNt64kOKGxOKuRYqK8u5kmyqhYm', 'penjual', 'approved', NULL, NULL, '2020-07-31 00:55:33', '2020-07-31 00:56:07'),
(18, 'darmi', 'darmi@gmail.com', NULL, '$2y$10$rR8Jttn0iP5N0LzTX.YL/.wiFEdOZ2WN4COlPspzpondzRPeS0lrC', 'penjual', 'approved', NULL, NULL, '2020-07-31 01:16:33', '2020-07-31 01:17:04'),
(19, 'rian toni', 'riantoni@gmail.com', NULL, '$2y$10$CetBV7JSjnZLAsREP0ybGeZuySxLorZ.ZqHjYmfxeYPlCHPmvD1o2', 'penjual', 'approved', NULL, NULL, '2020-07-31 03:10:08', '2020-07-31 03:10:35'),
(20, 'masniati', 'masniati@gmail.com', NULL, '$2y$10$Dc5jAbX.bzoOiD6hpG8PpeVnao3cDHAiJHp0jFdCQhNXdfHRTL61K', 'penjual', 'approved', NULL, NULL, '2020-07-31 03:32:59', '2020-07-31 03:33:24'),
(21, 'zulkifli', 'zulkifli@gmail.com', NULL, '$2y$10$D6a.WJPnVLhT242l3jqDY.L3/PkEnJYcpCtwK2Opw60DjxkEFifie', 'penjual', 'approved', NULL, NULL, '2020-07-31 04:07:25', '2020-07-31 04:07:54'),
(22, 'aminah', 'aminah@gmail.com', NULL, '$2y$10$YQohmvsnM0rrYJT/nZBJYuEXUT1cNofk6xpKv9brjMPY0e9kKK67S', 'penjual', 'approved', NULL, NULL, '2020-07-31 04:32:39', '2020-07-31 04:33:08'),
(23, 'mahmuddin hasan', 'hasan@gmail.com', NULL, '$2y$10$vJJbmN7Nw64AAcCdG/xC9ucRsQ1LOVDuKX7RTm/mCXSaAld1nQKea', 'penjual', 'approved', NULL, NULL, '2020-08-01 01:30:05', '2020-08-01 01:30:44'),
(24, 'jahiddin', 'jahiddin@gmail.com', NULL, '$2y$10$47UnKADooQI6MGNgwLqd9O9P6LiusPRfUVw7tss03mkfXANTYepCe', 'penjual', 'approved', NULL, NULL, '2020-08-01 01:56:03', '2020-08-01 01:56:34'),
(25, 'rossi sentana', 'rossi@gmail.com', NULL, '$2y$10$HfN8PSozPD7UphMVpzWXc.C3DXTRj3yesZjvAVm9fP679S3tFhCge', 'penjual', 'approved', NULL, NULL, '2020-08-01 02:48:57', '2020-08-01 02:53:26'),
(26, 'm yusuf a samad', 'samad@gmail.com', NULL, '$2y$10$x4a0nCYKrp/KlSj4suLD5OvdOlRPtHEqB.7xbqFpAW0ZeFlsWlnsa', 'penjual', 'approved', NULL, NULL, '2020-08-01 03:17:48', '2020-08-01 03:20:04');

--
-- Indexes for dumped tables
--

--
-- Indexes for table `foto_tanah`
--
ALTER TABLE `foto_tanah`
  ADD PRIMARY KEY (`id`),
  ADD KEY `foto_tanah_tanah_id_foreign` (`tanah_id`);

--
-- Indexes for table `kampung`
--
ALTER TABLE `kampung`
  ADD PRIMARY KEY (`id`);

--
-- Indexes for table `migrations`
--
ALTER TABLE `migrations`
  ADD PRIMARY KEY (`id`);

--
-- Indexes for table `password_resets`
--
ALTER TABLE `password_resets`
  ADD KEY `password_resets_email_index` (`email`);

--
-- Indexes for table `penjual`
--
ALTER TABLE `penjual`
  ADD PRIMARY KEY (`id`),
  ADD KEY `penjual_user_id_foreign` (`user_id`);

--
-- Indexes for table `tanah`
--
ALTER TABLE `tanah`
  ADD PRIMARY KEY (`id`),
  ADD KEY `tanah_penjual_id_foreign` (`penjual_id`);

--
-- Indexes for table `tanah_overlays`
--
ALTER TABLE `tanah_overlays`
  ADD PRIMARY KEY (`id`),
  ADD KEY `tanah_id` (`tanah_id`);

--
-- Indexes for table `users`
--
ALTER TABLE `users`
  ADD PRIMARY KEY (`id`),
  ADD UNIQUE KEY `users_email_unique` (`email`);

--
-- AUTO_INCREMENT for dumped tables
--

--
-- AUTO_INCREMENT for table `foto_tanah`
--
ALTER TABLE `foto_tanah`
  MODIFY `id` bigint(20) UNSIGNED NOT NULL AUTO_INCREMENT, AUTO_INCREMENT=99;

--
-- AUTO_INCREMENT for table `kampung`
--
ALTER TABLE `kampung`
  MODIFY `id` int(11) NOT NULL AUTO_INCREMENT, AUTO_INCREMENT=922;

--
-- AUTO_INCREMENT for table `migrations`
--
ALTER TABLE `migrations`
  MODIFY `id` int(10) UNSIGNED NOT NULL AUTO_INCREMENT, AUTO_INCREMENT=7;

--
-- AUTO_INCREMENT for table `penjual`
--
ALTER TABLE `penjual`
  MODIFY `id` bigint(20) UNSIGNED NOT NULL AUTO_INCREMENT, AUTO_INCREMENT=25;

--
-- AUTO_INCREMENT for table `tanah`
--
ALTER TABLE `tanah`
  MODIFY `id` bigint(20) UNSIGNED NOT NULL AUTO_INCREMENT, AUTO_INCREMENT=68;

--
-- AUTO_INCREMENT for table `tanah_overlays`
--
ALTER TABLE `tanah_overlays`
  MODIFY `id` bigint(20) UNSIGNED NOT NULL AUTO_INCREMENT, AUTO_INCREMENT=323;

--
-- AUTO_INCREMENT for table `users`
--
ALTER TABLE `users`
  MODIFY `id` bigint(20) UNSIGNED NOT NULL AUTO_INCREMENT, AUTO_INCREMENT=27;

--
-- Constraints for dumped tables
--

--
-- Constraints for table `foto_tanah`
--
ALTER TABLE `foto_tanah`
  ADD CONSTRAINT `foto_tanah_tanah_id_foreign` FOREIGN KEY (`tanah_id`) REFERENCES `tanah` (`id`) ON DELETE CASCADE ON UPDATE CASCADE;

--
-- Constraints for table `penjual`
--
ALTER TABLE `penjual`
  ADD CONSTRAINT `penjual_user_id_foreign` FOREIGN KEY (`user_id`) REFERENCES `users` (`id`);

--
-- Constraints for table `tanah`
--
ALTER TABLE `tanah`
  ADD CONSTRAINT `tanah_penjual_id_foreign` FOREIGN KEY (`penjual_id`) REFERENCES `penjual` (`id`);

--
-- Constraints for table `tanah_overlays`
--
ALTER TABLE `tanah_overlays`
  ADD CONSTRAINT `tanah_overlays_ibfk_1` FOREIGN KEY (`tanah_id`) REFERENCES `tanah` (`id`) ON DELETE CASCADE ON UPDATE CASCADE;
COMMIT;

/*!40101 SET CHARACTER_SET_CLIENT=@OLD_CHARACTER_SET_CLIENT */;
/*!40101 SET CHARACTER_SET_RESULTS=@OLD_CHARACTER_SET_RESULTS */;
/*!40101 SET COLLATION_CONNECTION=@OLD_COLLATION_CONNECTION */;
